-1,0.93078,0.78345
1,1.42,-0.69697
-1,-0.38296,-1.0432
1,-1.281,-0.54239
1,-0.14859,-0.018478
1,0.11534,-0.44331
-1,1.3513,0.65747
1,-1.4368,-0.77509
-1,-0.60647,-0.99659
-1,-0.63882,-1.3747
1,1.7987,1.5313
-1,-0.078167,-1.0955
-1,-0.46729,-1.5106
-1,0.52144,-1.042
-1,0.2652,1.4027
1,0.70578,1.3783
-1,0.12538,2.1597
-1,0.99414,0.073437
1,0.96048,-0.90007
-1,-0.077858,-0.96723
-1,-0.63897,-0.93788
-1,0.96953,1.1472
-1,1.5329,0.36791
1,1.2475,-1.2533
-1,1.0297,-0.083514
-1,0.043187,-1.3918
1,0.73964,0.20321
1,-0.67233,-0.041437
1,-1.8422,-1.2294
-1,1.1794,0.91273
-1,0.80472,1.2121
1,-0.099913,1.9725
1,-0.345,0.37623
1,0.29503,-0.27348
-1,0.2351,-1.0642
-1,0.4033,-0.99707
1,2.2929,1.3169
1,-1.4384,-0.4704
-1,1.9154,0.042861
-1,1.8866,-0.63318
-1,-0.63084,-0.86676
1,1.4226,-1.0998
1,0.27097,-0.038155
1,1.0059,-1.1193
-1,1.3641,-0.41193
-1,1.0528,0.47151
1,-1.0387,-0.035936
1,0.80775,-0.83144
-1,-0.46303,-1.1982
1,2.4405,1.3708
-1,-0.045965,1.5079
-1,1.3262,-0.067306
1,-0.46816,-0.20563
-1,-0.59396,1.2437
-1,-0.88124,-1.5903
1,0.47343,0.33864
-1,0.9169,0.52479
-1,-0.051002,-0.97204
1,-1.126,0.41053
-1,-0.56784,-0.87253
-1,1.2264,0.35388
1,1.0503,-0.65469
-1,-0.72444,-0.97266
1,-1.8847,-0.9792
1,1.0495,-1.0524
-1,0.78634,1.3055
1,1.1343,-1.2686
1,0.82382,0.58666
1,1.1144,-1.1028
1,-1.1463,-0.50789
-1,0.096456,-1.1019
1,0.30297,-0.14269
-1,-0.055358,-1.2848
-1,1.3122,0.15137
-1,-0.24472,-1.1755
-1,1.2861,1.0738
1,0.32608,0.0062584
-1,0.011405,-1.4562
1,-1.7696,-0.59214
1,-1.5519,-1.4687
-1,-0.68718,1.012
-1,0.7254,1.3888
-1,-0.1322,-1.3527
-1,1.0488,0.7682
-1,-0.4906,1.2245
1,-1.2481,-0.68908
1,-0.25062,0.84582
-1,0.1201,-1.1176
-1,-0.91656,-0.86273
-1,-0.74419,-1.392
1,-0.82039,-0.75955
1,2.6029,0.95076
1,-1.3304,-0.39203
1,-0.67864,0.53589
-1,-0.18316,1.1455
-1,0.91463,1.1467
1,-0.97346,0.4953
1,-0.20063,0.28727
1,0.25822,0.48179
-1,1.4868,-0.88571
-1,-0.7861,-1.0201
-1,-0.93548,1.0169
1,1.8904,1.3433
-1,0.6852,1.6909
-1,0.19324,1.7201
1,-1.5073,-1.1614
1,0.94145,-0.2539
1,-0.076954,1.8688
-1,0.63751,1.1114
-1,-0.43943,1.3704
1,0.93908,1.6885
-1,-0.018428,-1.1318
1,-1.0018,0.078044
-1,1.1457,0.82383
-1,-0.59032,-1.0414
1,-0.95421,0.6867
-1,-0.36939,-0.98376
1,-1.1925,-0.77428
-1,0.72604,0.28855
-1,-0.77937,-1.0398
-1,-0.63319,-1.181
-1,0.76269,0.92079
-1,1.1929,-0.40417
-1,0.61506,0.55755
-1,1.1067,0.68455
-1,1.1834,0.59711
-1,0.20545,-1.2805
1,-0.024626,-0.14091
-1,0.28633,1.2288
-1,1.2977,0.18623
1,0.89626,1.5803
-1,-1.5941,0.1764
-1,1.326,0.33509
-1,1.7014,0.15712
1,-1.6609,-0.79198
-1,1.0038,-0.03474
1,-0.20564,-0.020673
-1,0.0027345,-0.97297
1,-0.92389,-0.10221
1,-0.28226,1.7824
-1,-0.46716,-0.94463
1,-0.11351,0.84578
1,-1.6116,-0.45097
-1,-1.1986,-1.4003
-1,0.12129,1.631
-1,-0.033873,-1.6615
-1,1.7212,-0.44816
-1,0.81988,1.835
-1,-2.095,0.60379
-1,-0.83987,-1.1627
1,-1.2445,-0.49745
1,-0.20426,-0.18122
-1,0.78199,1.7971
-1,-1.5282,0.65571
-1,1.2384,0.78965
-1,0.24595,-0.76675
-1,-0.52626,1.1856
-1,1.2202,-0.10563
-1,-0.61973,-0.98416
1,1.1152,-0.44716
-1,-1.4933,0.7963
-1,0.4471,0.91966
-1,1.0672,0.57256
1,1.1012,-1.1699
1,-2.0522,-1.4013
-1,0.82726,0.755
-1,0.30138,-1.2866
1,-0.13843,-0.052362
1,-0.022161,-0.2025
1,-0.4119,0.49243
-1,0.5597,-1.0222
-1,1.1889,0.30948
-1,-0.26369,-1.1366
-1,-0.047632,-1.2362
1,-2.1321,-0.34663
-1,-1.4265,1.2451
1,-0.28844,0.38532
1,-0.41115,0.72704
1,-0.2115,-0.15482
1,-0.97844,-1.0514
1,0.53526,0.50422
-1,0.089297,-1.0995
-1,1.1763,0.20386
1,-1.054,-0.40005
-1,1.2389,0.34172
1,-1.6361,-1.0451
-1,0.21485,-1.659
1,0.26874,0.6053
-1,-0.50816,1.4779
-1,0.79438,1.0078
1,2.1699,1.2365
-1,0.79983,1.5644
1,0.55993,1.6966
-1,0.55157,2.0489
-1,1.4538,-0.50739
-1,-0.91065,-0.90782
-1,0.055056,1.3448
1,-0.14622,1.8317
-1,-0.82586,-0.96624
1,-1.5833,-0.84159
1,-1.2335,-0.70269
-1,-0.87866,-0.97538
1,-1.7668,-0.45497
-1,-0.43432,2.2394
-1,-0.12329,1.86
-1,-0.86744,1.0875
-1,-1.338,0.71679
-1,-0.94333,-1.2588
1,2.4329,1.3945
-1,1.3667,0.219
-1,0.85585,0.66883
-1,1.1114,-0.062821
1,-2.0758,-1.7833
1,-0.80592,0.57472
-1,-1.1385,1.0817
1,0.94062,-0.78898
-1,-0.3507,-1.0031
-1,-0.81274,-1.2337
-1,-0.83505,-1.0602
1,-0.20097,0.59585
-1,0.21287,-0.75184
-1,1.0016,0.65363
1,1.3702,-0.80045
1,-1.1257,0.19348
-1,0.47946,1.4766
-1,-0.61476,-0.96971
1,1.1484,-1.5189
-1,0.56282,0.66052
-1,-0.4585,-1.1122
-1,0.73618,1.6399
1,-1.2431,-0.70599
-1,-0.027497,-1.4151
-1,-0.45727,-0.98253
1,-1.7971,-1.71
-1,-0.031378,-1.0141
1,0.15982,0.18856
-1,-0.68798,-1.1381
1,0.85455,-0.26546
-1,-0.26829,-1.5201
1,2.3439,1.1796
-1,-0.35739,1.5073
-1,-1.1033,-1.1288
1,1.6978,1.2061
1,-0.38706,0.10421
-1,-0.49604,1.4063
1,0.84163,-1.4055
-1,1.2923,0.48759
-1,0.89328,0.34473
-1,-1.2071,0.48764
-1,-0.25883,0.99624
1,0.87437,-0.76869
1,0.43484,0.39703
1,0.10804,-0.30421
1,0.45054,-0.0083273
-1,1.1946,0.11471
1,0.1709,2.1087
1,-1.5424,-0.64335
-1,0.78052,1.0843
1,0.33195,-0.68976
1,0.15261,-0.87469
1,-1.1482,-0.54538
-1,0.20759,-1.2118
-1,0.19352,-1.267
-1,-0.52613,1.2576
1,-1.8958,-1.1006
1,-0.20089,0.072604
-1,0.2833,-1.5593
-1,-1.1889,1.1369
1,0.27594,-0.21765
-1,1.0154,0.50821
-1,-0.86105,-0.97185
-1,-0.80717,1.1165
-1,-1.2898,0.5112
-1,0.92235,0.92969
-1,0.2527,-1.3047
-1,1.0665,0.08772
-1,0.50466,1.4472
-1,-0.23914,-0.61879
1,-0.67997,0.31402
-1,-0.67954,-1.0729
1,-1.1748,0.15637
1,-0.097776,-0.42361
-1,-0.58703,1.0105
-1,-0.23604,1.4386
-1,-0.58095,-1.2705
-1,0.69789,1.0197
-1,0.031105,-0.97782
-1,1.6014,-0.18274
1,-0.27916,-0.092768
1,-0.25457,-0.14199
-1,-1.0425,1.1339
-1,-1.5869,0.13848
1,-0.0032944,-0.077682
-1,0.012754,1.2925
1,-1.7761,-1.0749
-1,-0.95796,0.81209
-1,0.44263,1.5433
-1,0.90434,1.0375
-1,-0.73145,-0.90615
-1,-1.5639,0.51369
-1,-0.5466,-1.3145
-1,1.1401,0.81402
1,0.38928,-0.8044
-1,-0.53361,-1.4036
-1,1.0433,0.28476
-1,-0.56595,-1.3299
-1,-1.1163,-1.3921
1,1.1467,-1.5596
1,-1.1392,-0.49422
-1,1.4084,0.31903
1,-1.2055,-0.39228
-1,0.87073,1.289
-1,-1.3718,0.96799
1,0.63093,-0.67379
1,0.99562,1.4612
1,-0.96752,0.34824
-1,-0.71582,-1.191
1,0.18238,-0.082291
1,0.32819,1.7062
1,0.9422,1.8287
-1,0.042814,-1.043
1,1.4428,-1.5248
-1,-0.27491,-1.6035
1,0.90331,-0.3388
1,1.1638,-1.2427
1,0.41689,0.34841
-1,-0.91803,1.1332
-1,-0.42099,-1.0888
1,1.9554,1.2819
-1,-0.063347,-0.69906
1,0.98236,-0.45152
-1,0.1963,1.0793
-1,0.79934,0.99463
1,-1.4489,-0.70079
1,0.36012,-0.71494
-1,0.064322,-1.2823
-1,-0.2422,-1.4697
-1,0.052443,-0.85267
-1,-0.63371,-0.96858
-1,0.048915,-1.3643
1,1.87,1.1341
1,-0.17113,1.6797
1,-0.091101,-0.084414
1,-1.493,-0.0032486
1,0.98288,-1.3113
-1,-0.19496,1.3093
-1,0.033659,-1.1304
1,0.33592,0.61079
1,-0.19663,0.54418
-1,0.092677,-1.015
-1,1.403,0.74634
1,-0.10294,-0.41444
-1,-0.80307,-1.2104
-1,1.4508,0.16872
1,1.1245,-0.90818
-1,0.6479,1.4062
-1,1.1457,0.32923
-1,-0.71695,1.2291
-1,-0.47214,-1.1575
1,0.73704,-0.18313
-1,-1.5821,0.80709
1,-1.1505,-0.049761
1,-0.76841,0.20929
-1,0.37348,1.4779
1,-1.1031,0.32164
1,0.52664,-0.25115
-1,-0.50931,-0.93219
1,-0.21521,-0.2165
1,1.306,-0.5658
1,-0.23248,-0.36379
1,1.7753,1.1885
-1,0.1908,-1.2942
1,-1.0191,-0.30453
1,0.99071,-1.1004
1,-0.63942,0.52192
-1,1.7183,-0.79297
1,-1.896,-1.4577
1,-1.8076,-0.48769
-1,-0.5193,-1.0036
-1,1.5549,-0.46608
1,0.83289,-0.056471
-1,0.37832,0.98669
-1,1.1784,-0.03351
1,1.5055,1.5243
-1,0.055823,1.8751
-1,1.4055,0.60673
-1,1.5198,0.31539
-1,0.02362,-1.0671
1,0.71906,0.078094
-1,-1.0246,0.84891
-1,1.0677,0.66756
-1,0.17576,1.2303
1,-0.68529,0.72746
-1,-1.8514,0.54479
1,0.21076,1.7055
-1,0.97519,1.4765
1,1.0802,-1.7553
-1,0.75834,-1.4517
-1,-1.1339,1.0141
-1,-1.7402,0.69276
1,0.57622,1.6998
-1,0.67019,1.1519
1,-1.2091,-0.73251
-1,-0.89226,1.2487
-1,0.68476,0.54558
-1,1.0457,0.21897
-1,-0.66571,-1.3416
-1,-0.11385,-1.4967
1,0.45008,-0.10378
1,-0.13768,0.42452
1,-1.5691,-1.7374
-1,-1.2589,-0.91157
1,-0.069193,1.7284
1,0.56944,1.6177
-1,1.7741,0.23947
1,0.4076,0.067286
1,-1.8587,-0.97744
-1,-0.82009,-1.0448
1,0.13324,-0.5679
-1,-0.72904,1.3682
-1,0.39012,-1.2029
1,-0.034211,0.14456
-1,0.13353,-1.0589
1,-1.8359,-0.84583
-1,1.2008,0.28582
1,0.52431,-0.64809
-1,-0.12797,-1.141
1,1.474,-2.0487
1,0.65538,1.72
1,1.3065,-1.7181
-1,0.049593,-1.0502
-1,0.15162,1.5321
-1,-0.23614,-1.5449
1,-1.6651,-1.2567
1,-0.06519,0.63052
1,1.2604,-1.2536
-1,-0.31511,-1.3003
1,-1.0833,-0.059391
-1,1.4089,0.25771
-1,-1.0772,-1.3874
-1,-0.6471,-1.2185
1,-0.92101,0.89383
1,1.3421,-1.8045
-1,-0.077552,-1.3518
-1,-0.94467,-1.4344
-1,0.7809,0.91112
-1,-1.101,0.81697
-1,-0.53575,1.0476
-1,1.3878,0.06091
-1,0.88017,0.27466
-1,0.8381,0.60314
-1,1.447,0.21063
-1,0.42376,0.47106
1,0.08206,-0.3982
1,-1.1339,-1.0812
-1,-1.2983,0.57726
-1,-0.54966,-1.0711
1,-0.31402,0.019414
1,-0.55835,0.57241
-1,1.2375,0.31039
-1,1.7178,0.029111
1,-1.4663,-0.81676
1,1.0525,-1.1102
1,0.16584,-0.32993
1,-0.4566,-0.32161
1,-1.4166,-0.32688
1,-1.0689,-1.1107
1,-0.57025,0.50173
-1,0.17436,-1.1055
-1,-0.15315,-1.2233
-1,-0.018657,-1.5456
1,-0.59682,0.23235
-1,1.3942,0.50438
-1,-1.0398,1.1924
-1,1.2232,0.83442
-1,-0.19232,1.6567
-1,1.028,0.54764
-1,-0.46985,-1.1213
1,1.1836,1.3635
1,-1.1444,-1.2652
-1,0.83441,1.2358
-1,0.48701,1.454
1,-1.3515,0.42395
1,-1.5023,0.084706
1,-0.81416,0.22988
1,-0.24679,0.77481
-1,-0.39989,-1.3654
1,0.22388,1.7477
1,-0.72386,0.21547
1,-0.043416,-0.44182
-1,-0.048031,-1.0639
1,1.445,-1.2368
-1,0.44124,-1.1255
-1,-0.38088,-0.95859
-1,0.51386,0.71482
1,-1.7791,-1.4895
1,1.225,-0.61487
-1,-1.581,0.45591
1,-2.0693,-0.52133
1,0.88585,-0.29232
-1,0.5574,1.38
-1,-2.5625,-0.078386
-1,-0.67569,1.3005
1,2.1248,1.0717
-1,-0.02466,-1.4955
1,0.92254,0.16604
1,-0.98758,-0.19052
1,-1.0347,-0.85838
-1,0.18805,0.91396
1,-1.6331,-0.36254
-1,0.36168,1.5919
1,1.0347,-0.80534
-1,-0.86874,0.62503
1,-0.87146,-0.82542
1,-1.1775,-0.12191
1,-1.0716,-0.62165
-1,-0.66847,-1.1329
1,0.84041,-0.17551
-1,1.5724,-0.11415
1,-0.86203,-0.061292
-1,0.79421,0.76228
1,-1.1427,-0.24452
-1,0.42262,1.737
1,0.99606,-1.6981
1,1.3566,-1.0602
-1,1.0085,0.47983
1,0.45671,0.19136
-1,-1.1644,0.41015
-1,1.1433,0.60696
-1,0.81199,0.70836
-1,0.65099,0.74423
1,-1.1129,-0.65294
1,-0.1896,0.16789
-1,-1.0678,0.9627
1,-0.32705,0.61159
-1,0.41044,1.0124
-1,0.81133,1.0742
-1,-0.15153,-1.1131
-1,-1.4751,0.73971
1,-1.2082,-0.40901
1,-1.3734,-0.12343
-1,-0.99179,1.3951
1,-1.5513,-0.66286
-1,1.4231,0.37379
-1,-1.8446,0.093183
1,-1.6252,-1.3162
1,1.4231,1.493
1,2.6428,1.1448
1,-0.91,-0.60713
-1,0.36411,-0.85797
-1,1.2101,0.19738
1,-1.5101,-1.389
-1,-0.8719,0.66317
1,0.73476,1.6289
-1,-0.67435,0.84166
-1,-0.26178,-1.1969
1,1.4579,-0.91017
1,-0.2904,0.69996
-1,-1.0366,1.0428
-1,-1.1305,0.59979
1,2.2879,1.216
1,-0.69273,-0.11288
-1,0.08698,-1.277
-1,0.01596,-1.1322
1,-1.3722,-0.90389
1,-0.54138,-0.33173
1,-1.0626,0.18104
1,-0.54142,-0.65031
1,0.22077,0.9457
-1,1.0988,0.60382
-1,1.0375,0.77899
-1,-1.097,0.81097
1,0.78487,0.1584
1,-0.43933,0.33083
-1,0.31402,-1.2546
1,-1.6778,-0.50976
-1,-0.15781,-1.0837
1,-1.7828,-0.25307
1,1.1726,-0.56652
1,1.4437,1.3848
-1,-1.2966,1.1603
1,0.63413,0.36566
1,-1.0677,-0.7092
1,0.82984,-0.9388
-1,-0.1655,-0.98582
-1,-0.65241,1.1399
-1,0.9016,0.94652
-1,0.27162,-1.6
1,0.27903,0.1493
1,1.1992,-0.75352
-1,0.47037,1.2097
-1,-0.26888,1.3707
1,-0.2777,-0.81501
-1,1.3136,1.0686
1,-0.19836,1.6703
-1,1.0489,0.44406
-1,0.89716,1.0713
1,0.75688,-0.20816
-1,-0.49628,1.0288
1,-0.58125,0.58189
-1,0.55423,1.188
-1,1.4573,-0.13953
-1,1.3359,0.27411
-1,-0.74235,-1.022
-1,0.072652,-1.4624
1,-1.6682,-1.4982
1,0.74225,1.5624
1,-1.0963,0.14485
-1,-0.18446,-1.4029
-1,-1.1865,0.814
-1,0.85802,0.39915
1,0.26867,1.616
1,0.15437,-0.65278
1,0.64321,-0.35067
-1,-1.9967,-0.0624
-1,-0.64159,-1.3495
1,-1.3867,-0.28249
1,-1.4008,-0.18286
-1,1.7115,-0.94485
1,0.12086,0.2187
-1,1.943,-0.64971
-1,0.05428,-0.96718
-1,-0.97525,0.72491
1,-0.023734,0.30287
1,0.86195,-1.2353
1,0.31816,1.8217
-1,0.19118,1.9391
1,-1.5203,-1.2274
-1,-1.2476,0.98465
-1,-0.21017,1.3478
-1,0.020979,-0.90487
-1,0.58205,0.23212
1,-0.81475,-0.68173
1,-0.81777,-0.68961
1,-0.68254,0.13947
-1,0.4314,-1.5574
1,-0.75263,-0.32139
1,1.0635,-0.69014
-1,-1.2393,0.78798
-1,-0.59826,-1.3514
-1,1.5441,-0.74942
-1,-1.8044,0.52907
-1,0.052619,-1.3137
-1,-0.21764,-1.6299
-1,-0.13465,-1.125
-1,0.43225,0.74917
1,-0.18101,0.34372
1,-1.2233,-0.11852
-1,-0.43515,-1.0762
1,0.95982,-0.52224
-1,-0.85316,-1.1748
-1,-1.0021,-0.88485
-1,0.40496,-1.2003
1,0.92333,-1.0174
-1,-1.0416,-1.4187
-1,0.028381,1.6193
-1,1.2823,-0.23584
-1,-0.37196,1.5418
-1,-0.88536,1.0539
1,0.70395,-0.90577
-1,-1.0365,1.3323
-1,-2.8361,-0.17708
-1,-0.4397,1.2243
-1,1.1221,0.61158
-1,-0.46313,-1.0051
-1,1.2167,0.24661
1,0.11298,0.46166
1,-1.1109,0.30847
-1,-1.5294,0.39005
-1,0.5773,0.62754
-1,1.2771,-0.58842
-1,-0.12367,-1.2682
1,-0.36419,-0.08278
-1,1.1468,0.56451
1,-1.8895,-1.1638
-1,-1.0408,-1.0767
-1,1.6972,-0.48919
1,1.3255,1.4267
-1,1.0775,0.016305
-1,-0.14553,-0.8689
1,-0.57262,-0.78914
-1,0.95182,0.61552
1,0.76424,1.9759
-1,-0.21796,2.09
-1,0.25433,2.4238
1,-1.7783,-1.5839
-1,1.407,0.9004
-1,0.84983,0.72551
-1,0.22625,-1.3846
1,1.5653,-0.90898
-1,-1.0971,0.73718
1,0.028519,1.7215
1,0.017872,-0.69987
-1,1.6427,-0.30796
-1,1.379,0.69775
1,-1.5686,-0.40092
1,0.42237,-0.93409
1,0.41307,0.47326
1,0.92726,-1.1184
1,-0.78637,-0.6397
-1,0.90714,0.19135
1,2.0393,1.3631
-1,-0.43206,-1.3422
1,-0.52916,0.36537
1,-1.1996,-0.4506
-1,1.9707,-0.77203
-1,-1.1538,0.58737
-1,-1.0363,0.62127
-1,-0.7325,-1.338
-1,1.9716,0.041003
1,1.2868,-1.1897
1,1.5731,1.1598
1,0.61729,-0.0095972
1,-0.20946,0.34462
-1,1.2698,0.43266
1,-0.19253,-0.28838
1,-1.8219,-0.34136
-1,1.702,-0.55443
-1,-1.2961,0.86684
-1,-1.63,0.10114
1,-0.10201,-0.13017
-1,-0.14488,1.6488
-1,-0.85649,-1.3066
-1,-0.83341,-0.56896
-1,-0.91389,-0.91942
-1,-0.072349,-1.0753
-1,0.50689,1.0166
-1,-0.83206,-1.3278
1,-1.9599,-1.0861
-1,-0.63809,-0.75159
1,0.78544,-0.6006
1,-0.79181,-0.13207
-1,0.70721,0.94767
1,-1.3566,-0.25794
1,-0.058446,0.54035
-1,-0.038111,-0.79058
-1,-0.64839,-0.63121
1,-0.044294,-0.33474
-1,0.19457,-1.2742
-1,0.82635,0.83977
-1,0.34135,-1.3214
-1,0.062374,-1.053
1,0.13558,1.4608
1,-2.1812,-1.8767
1,-1.0343,0.27711
-1,-1.2078,-0.93448
-1,-0.95435,-1.1909
1,2.5525,1.3985
1,0.055373,-0.13947
-1,-0.63855,1.2536
-1,-0.48993,1.253
-1,0.10782,-1.2076
-1,0.49941,-1.1719
-1,1.1792,0.76611
1,-0.67267,-0.17691
-1,-0.11596,1.2616
1,-0.4091,0.34864
-1,0.29073,1.3384
1,1.7304,1.6833
-1,0.17651,-1.0714
1,-1.8173,-0.70497
1,0.82327,-0.24791
1,-1.8238,-0.66498
1,-0.21576,-0.35337
-1,0.13705,1.6869
-1,-0.72379,-1.2586
1,-1.2352,0.32339
1,1.0391,-1.1311
-1,-1.2902,1.5245
1,-0.52837,0.9532
1,-0.1843,-0.031361
-1,-0.59607,-0.98858
1,1.1782,-0.33472
-1,1.177,-0.27666
-1,-0.30995,1.4459
1,0.72189,-0.97547
1,-0.75683,0.29839
1,0.89616,0.363
1,-1.959,-0.44157
-1,0.93173,0.5013
1,0.72479,-0.53998
-1,0.94767,0.9851
-1,1.2733,0.084197
-1,-1.5761,0.58777
-1,-1.3403,0.6261
1,0.9897,-0.07624
1,0.80119,-0.63909
-1,0.70905,0.87164
1,0.94677,-0.88767
1,-1.073,-0.017028
-1,-0.23033,-1.0154
-1,0.62423,-1.3072
-1,-0.57474,-1.6168
1,1.1393,-0.20872
-1,-0.81576,0.56219
-1,1.2627,-0.25043
1,-1.8562,-0.96313
1,1.211,-1.0206
1,-0.67878,-0.095703
1,0.42341,-0.33425
1,-1.4245,-1.5129
1,1.09,-1.0975
1,0.42287,1.7426
-1,1.1302,1.4797
-1,0.9606,0.45433
1,0.5261,1.3645
-1,0.29013,0.59126
-1,-0.98289,1.0623
1,1.3259,1.6997
-1,-1.4641,1.1124
-1,1.5202,0.40935
1,-0.61279,0.7752
1,-1.0156,-0.030799
1,-1.3062,0.11753
-1,-0.41055,-1.4073
-1,1.1937,0.55416
1,-0.14905,0.81555
1,2.4655,1.1176
1,0.42374,1.6423
1,-0.42499,0.99561
1,-1.5241,-1.1513
-1,-0.70219,-1.1999
1,-0.41587,0.24606
-1,1.5484,-0.64862
-1,0.01143,1.6606
1,1.6008,-1.3626
-1,-0.11918,-0.84226
1,1.2564,-2.3859
1,-2.2843,-1.0189
1,1.2092,-1.7655
-1,1.4072,0.82974
-1,0.33966,-1.0257
1,0.3998,1.6799
1,0.47065,-0.44481
-1,0.55311,1.5408
-1,-0.30175,-1.2203
-1,1.8058,-0.054684
1,0.11846,0.13045
-1,0.67466,-1.5304
-1,-1.0147,-1.6494
1,-1.5046,-0.82863
-1,-0.45026,-1.5894
1,-1.881,-1.2606
-1,-0.10018,-1.0525
1,0.27758,0.38251
1,-2.0001,-1.7247
-1,0.46896,1.9087
-1,1.3967,0.54088
1,-0.35582,-0.051273
-1,0.13914,-1.0073
-1,1.7719,0.013034
1,-0.97227,0.47313
-1,0.71488,1.3028
1,-0.98672,-0.86288
-1,-0.7285,1.4952
1,2.3478,1.2055
1,1.0094,1.5271
1,0.61367,-0.70501
-1,0.33442,1.044
-1,0.54692,1.1495
1,0.68794,-0.87842
-1,1.2967,0.74928
1,-1.8718,-1.168
-1,0.98072,-0.057165
-1,-1.0225,0.96769
-1,0.87401,1.79
-1,0.72433,0.70575
1,-1.2077,-0.78467
-1,0.9834,0.20263
-1,0.40898,-1.5083
-1,-0.40054,-1.167
-1,1.0859,0.60049
1,-1.5517,-0.74384
1,-1.3107,-1.1079
-1,-0.35541,1.2753
-1,0.79204,0.98773
1,-1.591,-0.98008
-1,-1.034,1.0068
-1,-0.25301,-0.80912
1,0.7431,-1.0072
-1,1.4993,-0.9929
1,-1.7664,-0.9229
1,0.11489,1.4103
-1,1.0694,0.6464
1,0.24701,0.40997
-1,0.47987,-1.1025
-1,0.74498,0.36586
-1,1.3095,0.62757
-1,-0.48734,-1.1942
-1,-0.5284,-1.2334
1,0.60477,0.37841
1,1.6683,-1.7659
-1,-1.0218,0.88303
-1,0.56809,0.24408
1,-1.6903,-0.17643
-1,-0.016048,-1.2567
-1,-0.66496,1.6093
-1,-1.5283,0.79533
1,-2.0956,-0.60426
1,0.62516,1.3757
-1,0.59247,0.97315
1,-0.55898,0.059414
1,-1.5685,-0.56056
-1,-0.14243,1.6527
-1,1.4106,0.09066
-1,-0.63351,1.646
-1,0.28848,1.6209
-1,0.75151,1.5767
-1,-0.095842,-1.6622
-1,-0.63846,-1.0124
1,-0.98688,-0.73467
-1,-0.011713,-1.3395
-1,0.61039,0.48826
1,-1.1697,-0.073031
-1,-0.6087,-0.91657
-1,-1.4262,1.2617
-1,1.6764,0.11272
-1,-0.12391,-0.95041
-1,0.61324,1.352
1,-0.94997,0.1435
1,-1.1887,-1.143
1,-0.87503,0.59122
-1,-1.2007,-1.0237
-1,-0.023656,-1.0015
1,-1.1772,0.42191
-1,-1.5295,0.25738
-1,0.60493,1.276
1,-1.5045,-1.1403
-1,0.29878,1.5596
1,0.14522,-0.62632
-1,0.73493,0.57065
-1,-0.44591,-1.2756
-1,-0.86505,1.5955
-1,1.0228,0.85759
-1,0.68597,1.2016
-1,-0.48325,1.156
1,-0.61798,-0.50608
1,0.085302,0.78871
1,-0.24342,1.7591
1,2.4296,0.86885
-1,1.0655,0.39871
-1,1.3488,-0.46149
1,0.71396,-1.1933
-1,-0.94438,1.0176
-1,-0.97363,1.0495
1,1.0631,-0.0531
1,0.6887,-0.50639
-1,-0.10618,-0.93302
1,-1.8239,-0.89857
-1,-0.47061,-0.91882
1,-0.91151,-0.48358
-1,1.4417,0.89829
1,-0.87163,-0.46069
-1,0.72415,0.9888
-1,1.7202,-0.25872
1,1.571,1.4349
1,-1.5964,-0.041443
1,1.5179,-1.339
-1,-1.7498,0.31769
-1,-0.090755,-0.84639
1,0.24425,1.8366
-1,1.3467,0.22906
-1,-0.50652,1.2405
1,-1.803,-1.6243
-1,-0.9529,1.0564
-1,-1.1585,-1.0087
1,-1.0258,-0.95016
-1,0.8551,0.95858
1,-1.6863,-1.872
-1,-0.58003,-1.0917
-1,-0.51563,-0.91525
-1,0.82412,0.45049
1,0.2819,-0.761
1,-2.0383,-0.97792
-1,0.89012,0.86423
1,0.1675,-0.79262
-1,-1.0612,0.91728
-1,-0.61674,1.6149
1,-0.39996,0.0046271
-1,0.81872,0.54567
1,2.509,1.1086
1,0.63726,0.0053578
1,-1.4186,-0.35961
-1,-0.6067,-1.5974
1,-1.7516,-1.9204
-1,0.73134,1.3073
1,-1.2337,-1.1499
1,1.3256,-0.48603
-1,-0.63875,-1.0383
1,-0.82537,0.48101
1,-0.13471,0.070711
1,-1.2911,-1.1378
-1,1.5277,0.22801
-1,0.26508,-1.0559
1,-1.5268,0.13194
-1,-0.71246,-1.0982
-1,1.2856,-0.15057
-1,-0.21644,-1.3815
1,0.95725,-0.57215
-1,-1.522,0.93353
-1,-0.53219,0.97814
-1,-1.4213,0.6235
1,-1.3578,-0.84839
-1,-1.2399,1.0031
-1,1.1397,0.37611
-1,-0.57919,0.78953
-1,-0.011276,-0.77979
1,0.85434,-0.53748
-1,-0.86879,1.3802
-1,0.1011,-1.387
-1,-0.4296,-0.7216
-1,1.0524,0.70051
-1,-0.50862,0.91175
1,1.4706,1.3946
1,-1.6945,-1.271
1,1.1939,-0.31888
1,1.3476,1.3277
-1,-0.48649,-1.6192
-1,-0.80428,0.68688
-1,0.44465,-1.3828
-1,-0.51501,0.976
-1,-0.30606,2.2761
-1,-1.0334,-1.0923
-1,0.57954,1.1659
1,-1.9393,-0.27272
1,-1.1457,-0.5617
1,-1.325,-0.12015
1,-0.15785,0.35805
-1,-1.6162,0.59348
1,0.4904,-0.047656
1,0.48158,-0.65325
1,-1.551,-1.595
-1,-0.59566,-1.3346
-1,-0.48672,-0.79742
1,0.3202,-0.46454
-1,-0.29501,-1.2243
1,0.61455,-0.022767
-1,0.60612,-0.87667
1,0.32114,0.29913
1,-0.10156,1.5735
-1,-1.3061,-0.90281
-1,-0.25392,-1.268
-1,1.573,-0.07859
1,-0.70891,-0.26195
1,0.92799,1.4476
-1,0.26162,-0.6727
1,0.72483,-0.98977
-1,-0.17015,1.1771
-1,0.32927,0.60596
1,0.20719,0.030369
-1,-0.014253,1.5452
-1,-0.33447,1.6291
-1,0.019969,-1.5433
1,0.48643,0.24477
1,1.0844,0.14773
-1,1.8983,-0.056477
1,0.3354,-0.48335
-1,0.17058,-0.88614
-1,0.20421,-1.2936
1,-1.2388,-0.9191
1,-0.75503,-0.75902
-1,-1.0762,0.72041
-1,-1.213,0.91816
-1,-1.0783,-1.1731
1,0.53219,-0.043067
1,0.38716,1.5897
-1,-0.76913,1.3536
1,1.3185,-0.33108
-1,-0.23233,-1.3966
-1,0.5521,0.94167
1,0.31337,0.18864
1,-0.52967,0.10062
-1,-0.38135,-1.0835
1,-1.7026,-1.1582
-1,0.79972,0.66152
1,2.2247,1.1792
1,0.41846,-0.89667
-1,-0.43598,-0.95364
1,-1.2178,-0.10652
-1,-0.46619,-0.85071
1,0.86641,-0.9175
1,1.4564,1.6858
-1,-1.4026,0.9795
-1,-1.1693,1.0813
1,-1.246,-0.65641
1,0.54408,-0.84207
1,1.077,1.4235
-1,-0.8639,-1.5598
-1,-1.0247,1.5268
-1,-0.98936,0.47959
1,-0.23797,0.12586
-1,0.82253,-1.2052
1,-1.1535,-0.65858
-1,0.66897,0.98041
-1,0.76904,0.85467
1,0.10071,0.88078
1,0.0007253,-0.036641
-1,0.10459,-1.6706
-1,-0.35029,2.0653
-1,0.68958,0.74541
-1,0.45454,0.8768
-1,0.30134,-0.92802
1,0.58892,0.55726
1,1.2474,-1.6191
-1,1.4676,-0.083895
1,-0.14099,-0.11864
-1,0.65567,1.2454
1,-0.11264,-0.19705
1,0.76195,0.12494
-1,0.074436,1.0373
1,0.4874,-0.12962
1,1.0783,1.3746
1,1.3513,-0.38654
1,-1.3147,0.17544
1,1.1,1.376
-1,1.0498,0.45258
1,0.26183,-0.53787
-1,-0.020255,-1.4154
-1,0.78506,0.17305
1,-1.0316,-0.42187
-1,-0.88564,-1.2681
-1,0.46344,-1.2753
-1,-0.9118,1.3404
1,0.023488,-0.17987
1,-0.68314,0.41909
-1,1.872,-0.23862
1,-0.62813,-0.26709
1,0.68256,-0.034663
-1,-1.3737,0.80765
-1,-0.10442,-1.1454
-1,0.81384,0.8168
-1,0.35024,1.2193
1,0.91322,-0.31776
-1,1.0019,0.25398
-1,-0.38115,-0.91736
1,1.0451,-0.95959
1,0.10911,-0.52238
1,-0.25882,0.49552
1,0.63607,1.3382
1,-0.45187,0.52422
-1,1.6556,0.23898
-1,-0.63893,1.2811
1,0.44035,0.24629
-1,-0.63583,1.721
-1,-0.56502,-0.85269
-1,0.44002,0.90023
1,-0.10501,-0.44245
1,-1.6687,-0.0045135
1,0.62867,-0.61681
-1,1.7725,0.10876
-1,-0.33741,1.4844
-1,-0.94602,1.0165
-1,-1.9787,0.34464
1,-1.4462,-0.06966
-1,-0.95618,1.1122
1,-0.87695,0.26339
-1,-0.36418,-1.4018
-1,0.84414,0.24264
1,-1.6927,-1.1964
1,0.5691,0.48111
-1,-1.5183,0.50553
1,-0.45173,-0.71658
-1,0.17929,1.8142
-1,0.047891,-1.0609
-1,0.65713,1.0479
1,2.0028,1.2838
-1,0.72134,0.73052
-1,0.479,-0.82094
1,0.8106,0.0091138
1,-1.69,-0.04613
-1,-0.92613,0.91569
-1,-0.22625,-1.0585
1,-1.2713,-0.67349
-1,-0.62549,1.3761
-1,-0.2755,-1.1921
1,-0.96791,-0.22642
-1,1.2937,0.15312
1,-0.68787,0.70916
1,-1.074,-0.30597
1,-1.8585,-1.3023
1,0.72413,-0.57405
-1,-0.065558,-1.5736
-1,1.8847,0.32461
1,-0.34743,-0.5561
-1,-0.278,-1.0855
1,-0.55405,-0.37969
-1,-0.26685,1.3664
1,-0.83761,0.64408
-1,-1.6982,0.87174
-1,1.263,0.090349
-1,-0.054685,-1.0584
-1,-0.81851,-0.94307
1,0.87419,-1.4105
-1,-1.6431,0.76652
1,-0.50062,0.078663
1,-0.4396,0.29835
1,-0.34132,0.062077
-1,0.39457,0.085588
1,-0.061832,0.35754
-1,-0.16657,1.069
-1,0.55179,0.96122
-1,0.51342,1.4954
-1,-0.39109,1.3198
-1,-0.39771,-1.2776
-1,0.32912,1.113
1,0.43072,1.6384
-1,-1.7743,1.0148
-1,-0.38863,-1.3153
1,1.2615,-1.3742
1,-1.0861,0.43737
-1,0.37865,-0.75504
-1,1.2484,-0.0026279
-1,-0.56672,-1.699
1,0.40841,-0.66386
1,-1.4025,-0.38631
1,0.4301,-0.65434
-1,-0.8756,-1.0025
-1,1.3472,0.47185
-1,0.59544,0.42868
1,-0.30163,-0.11567
1,-0.56064,0.47336
1,-1.6512,-2.0457
1,-1.0714,-0.61609
1,0.9754,-1.3444
1,-0.19162,0.79078
-1,1.0029,-0.08971
-1,-0.65428,-0.99908
1,0.34685,-0.24188
-1,1.4268,0.49784
-1,0.037898,-1.6385
1,-1.8056,0.075791
1,-1.5955,-1.4353
1,-1.8026,-1.2524
-1,1.4025,0.85492
1,0.073009,-0.0016891
1,-0.99468,-0.50661
-1,2.4386,-0.44801
1,-1.4528,-1.2508
1,0.21751,-0.3682
-1,-0.83441,1.4837
1,-0.45479,0.49412
-1,1.4514,-0.25997
1,0.45931,1.6878
-1,-0.61366,-1.2179
1,-1.782,-0.68676
-1,-0.037036,-1.3518
1,0.23448,-0.41266
-1,0.2719,-1.1231
-1,-1.1484,0.72878
1,0.23783,-0.55087
1,-0.36428,1.7012
-1,-1.3377,0.5399
-1,-1.4208,-1.4037
1,0.12278,-0.28313
-1,-0.61323,1.0982
-1,0.1285,-0.88858
1,0.60524,1.8559
1,-1.9421,-0.76122
1,-0.63996,0.70547
-1,0.63949,1.1967
-1,-0.18981,-1.4162
-1,0.48824,1.3132
1,0.97357,-0.95095
1,0.15573,0.15238
-1,-0.89983,1.4902
1,-0.052904,-0.016777
-1,0.75283,1.8367
1,1.249,-1.3761
1,0.99543,-1.6334
-1,1.052,0.6512
-1,0.53965,-1.2611
1,2.1261,1.1565
-1,-0.20237,1.6394
-1,-0.74005,-1.5252
-1,1.1122,0.98869
-1,-0.76036,-0.86172
1,-1.2606,0.22977
-1,1.3665,-0.64292
-1,-0.046066,1.6486
-1,-0.11709,1.4678
1,0.28257,0.39425
-1,1.2113,0.051182
-1,1.5774,0.20636
-1,1.8789,-0.14091
1,1.4583,-1.6146
1,-0.92723,-0.59541
-1,0.14296,0.84506
-1,0.65649,0.8442
1,0.15853,0.58577
-1,1.0077,0.44555
1,-0.33003,0.3011
-1,0.30355,1.6073
-1,1.4271,0.56982
1,1.1905,-1.673
-1,1.8256,0.34864
1,-0.17233,-0.67618
-1,0.95467,-0.015787
1,0.13334,-0.22739
-1,0.26019,1.9132
1,1.3887,-1.1053
-1,-1.0316,1.1814
1,-1.9385,-1.0311
-1,0.55069,0.92144
1,0.24858,-0.4505
1,0.53497,1.4592
1,-1.5151,-0.99267
-1,1.8942,-0.24259
-1,0.15857,1.5082
1,0.57779,-0.62192
-1,-0.09392,1.6777
-1,1.1456,0.24267
-1,1.1804,0.081886
-1,1.2048,0.31764
1,0.39737,0.51264
1,0.017571,0.093187
-1,-0.10792,1.7012
1,-1.9454,-0.15964
-1,-0.40516,-1.253
1,-1.4483,-1.1431
-1,1.2437,-0.14542
1,-1.9744,-1.7151
-1,-0.55818,-1.7297
-1,-0.53583,-0.81398
1,-0.9735,-0.046973
-1,-0.17517,-0.909
-1,-0.10874,-1.2496
-1,-0.026113,-1.3766
-1,0.86585,0.6122
1,-1.3918,-0.94283
-1,0.54548,1.2781
-1,1.3043,0.17545
-1,-0.59518,1.4596
1,1.6215,1.1897
1,-0.48845,-0.56582
1,-0.64473,-0.23804
1,-1.9524,-0.89978
-1,-0.96907,1.0243
-1,-1.0211,-1.185
-1,-0.81708,-0.78258
1,-1.6767,-0.47246
-1,1.1762,0.61427
1,0.47812,1.3091
-1,1.3317,-0.080226
-1,0.48023,-1.1519
-1,-0.71149,-1.1295
1,1.1105,-0.47637
1,0.7678,-0.96599
1,2.3638,1.3306
1,2.3433,1.6386
-1,2.0333,-0.42685
1,0.81735,-0.94122
1,-1.8347,-0.74587
-1,-0.28459,1.9835
-1,0.21765,1.3219
-1,1.2223,-0.046609
1,-0.64804,-0.71326
-1,0.16395,-1.1783
-1,0.14282,-1.5578
-1,-0.21815,-0.88185
-1,1.4726,0.57425
-1,-0.3089,1.1627
-1,-0.077284,-1.2189
1,-1.5093,-0.96642
1,1.7649,1.3302
-1,0.5176,1.4064
1,0.22368,1.5729
1,-1.6327,-1.4147
1,1.104,-0.36358
-1,-1.3393,0.86852
-1,-1.6731,0.67212
-1,0.38791,1.6365
-1,1.0549,0.89882
1,0.90468,-0.994
1,-1.6643,-0.56022
1,0.4576,-0.15711
-1,-0.39223,-1.2658
1,-1.871,-0.45135
-1,0.99567,1.0395
-1,1.2609,0.46188
-1,-1.8239,0.88503
1,-0.51616,0.83083
1,-1.389,-0.45077
-1,-0.63388,1.2631
1,-1.5143,-0.248
-1,0.029614,1.2007
-1,-0.94821,-0.9824
-1,-1.0603,-0.93672
1,2.031,0.98364
-1,0.63689,0.98421
1,-1.4658,-0.035837
1,-0.1777,-0.55051
1,2.1671,0.92575
-1,1.344,-0.26136
-1,1.6759,-0.29327
-1,-0.17282,1.5942
-1,-0.6385,1.3187
-1,0.37938,1.7439
1,0.81152,-0.15007
1,1.1291,1.5062
-1,1.0649,0.44279
-1,-0.81718,-1.1857
-1,0.47741,-1.2366
1,-0.0029396,0.51294
1,-0.0094787,-0.3362
-1,0.19838,-1.1882
1,-0.87678,-0.40148
-1,-1.4206,0.72801
1,-0.79471,0.27633
1,-1.5385,0.51635
1,1.4798,1.7762
1,0.24405,-0.69023
1,-0.54027,-0.60144
1,1.4373,-1.7278
-1,1.2348,2.1907
1,-1.3256,0.039771
-1,-1.2199,1.1193
-1,-0.22705,-1.1938
1,-0.66893,0.50974
1,0.74709,-1.047
-1,1.6648,0.24316
-1,-1.0546,0.71971
1,-0.57635,-0.46271
1,0.93218,1.4312
-1,1.5606,-0.17692
-1,0.67031,0.78363
-1,1.1234,0.42208
-1,-0.61408,-1.4253
-1,-0.92763,1.5491
-1,0.29354,-1.4972
1,-0.75255,-0.061451
-1,-0.27417,-0.98995
-1,-2.0109,0.43905
-1,-0.31694,1.7656
-1,1.7113,-0.4241
1,-2.0934,-1.2221
1,0.32484,-0.15295
-1,0.23489,-1.0491
1,-0.16236,-0.33421
-1,1.2278,-0.087442
-1,0.37345,-1.1683
-1,-0.01718,-1.0336
-1,-2.4124,0.25988
1,-0.48726,-0.53565
-1,0.034311,-1.1793
-1,-0.019799,-1.2163
-1,-0.56169,-1.0126
-1,0.53767,-1.2535
-1,-0.22005,-1.1175
1,1.0993,-0.31324
-1,-0.59294,1.2795
-1,-0.068647,1.7161
-1,0.016921,-1.2246
1,2.3553,1.5009
1,1.192,-1.3339
-1,1.267,0.77528
1,-1.4636,-0.90898
-1,-0.83782,-1.1661
-1,-0.83388,-1.1873
1,0.41762,-0.71082
1,-0.27415,0.046756
1,-1.2306,-1.3009
-1,1.4985,0.63664
1,-0.21293,0.25883
-1,-0.14925,-1.2012
-1,0.20362,-1.0581
-1,1.5375,-0.19345
1,0.84376,-0.40241
1,-0.027292,0.73902
-1,-0.43302,-1.127
1,-0.75169,-0.11688
-1,0.13039,1.3827
-1,-0.14789,1.6028
1,1.0011,0.28485
1,0.46458,0.2827
1,0.93327,-0.27698
1,0.43264,0.38031
-1,1.415,-0.65646
-1,-0.58056,-1.3361
-1,-0.75328,-1.2506
-1,-0.53255,1.217
-1,1.6265,-0.25108
-1,0.49767,-1.0235
1,-1.9242,-1.0559
1,-0.80092,-0.23993
-1,-0.22301,-1.2827
-1,0.34028,-1.3439
1,1.0674,-0.22113
-1,-0.78372,0.96865
-1,0.85077,0.95045
1,0.52693,0.50983
-1,-0.35973,-1.2794
-1,-0.016278,-1.0743
-1,-0.60289,1.304
1,-1.4179,-1.2844
1,0.52399,-0.23063
-1,-1.179,0.73223
1,-1.1193,-0.31486
-1,0.25973,-1.1745
1,1.8544,1.3762
-1,0.19767,-1.4116
1,-1.4516,-1.2901
1,1.1508,-1.6887
1,0.048632,-0.38932
1,1.2715,1.6016
1,1.1969,-0.5983
-1,-1.0001,-1.2249
1,-0.179,-0.049153
-1,1.0764,0.68335
1,-1.515,-0.76898
1,-0.33664,0.55943
1,0.83314,-0.59262
1,0.2373,0.036722
1,0.23458,1.4838
-1,-0.5388,-1.2103
1,0.63711,1.5456
1,-1.0663,0.25631
-1,1.2666,0.4934
-1,0.92625,0.97222
1,-1.553,-0.1324
1,1.6614,1.4178
-1,-0.13818,-1.3698
1,0.84068,-0.077638
-1,-0.39605,1.2092
-1,0.89699,0.74244
-1,1.1832,-0.78887
-1,-1.1277,0.65373
1,-1.0715,-0.03901
-1,-1.0117,0.76773
-1,-0.24403,-1.1985
1,1.3161,-0.61579
-1,-0.15263,-1.1462
-1,-0.89955,0.8583
-1,-1.1952,0.91989
-1,-0.23036,1.0815
1,1.3503,-1.5074
1,1.4899,1.5869
1,-1.7551,-0.90336
-1,0.98093,0.092062
1,2.1774,1.1275
-1,-1.6679,1.1026
-1,-1.1397,0.48843
-1,-0.15696,1.8431
-1,0.54127,1.4063
-1,-0.64396,-0.77968
1,0.72882,1.4886
1,0.40488,-0.55507
1,0.57474,1.4167
-1,0.68983,1.57
1,1.4742,-1.4438
1,0.39919,-0.5939
1,-1.1387,-0.92678
1,0.32185,1.6804
1,-0.074387,-0.46271
-1,-0.085251,-1.1209
-1,-0.026231,-1.1784
1,0.52054,0.55985
1,-1.0088,0.3566
1,-0.17105,0.010465
1,1.8044,1.3171
-1,-1.158,-0.64066
1,1.347,1.2136
1,1.141,-0.28598
-1,0.90964,0.86422
-1,1.4041,0.37726
1,1.3058,1.6222
1,0.70449,-0.90959
-1,-0.65201,-1.5437
-1,0.27307,-1.448
1,-0.78532,-0.36132
1,1.5217,-1.124
-1,1.3312,0.40575
-1,0.52287,1.0525
1,-1.7017,-0.56909
-1,-1.1967,-1.0424
1,-1.5349,-0.46635
-1,-0.72558,-1.1681
1,0.081692,0.41821
1,2.8134,1.3017
-1,-0.8062,0.94121
-1,-0.30515,1.1774
-1,0.23658,-1.2607
-1,-0.49593,-1.0906
1,0.26381,-0.60494
-1,1.2524,-0.35042
-1,1.7476,0.016037
1,2.1632,1.1595
1,0.42847,-0.49395
-1,-1.7335,0.56222
-1,-0.15172,-0.6687
1,1.0432,-0.23964
1,-1.1444,0.30424
1,-0.7934,0.90464
-1,0.06522,-0.76565
-1,0.22991,-1.1507
1,1.0538,-0.36193
1,-0.88229,-0.60772
1,0.097077,1.5843
-1,-0.51621,1.4554
1,-0.21043,0.11021
-1,-0.39586,-1.3808
-1,0.35271,1.5843
1,1.2185,-0.36143
-1,0.96902,0.92124
-1,-0.11641,-1.2315
-1,-0.27573,1.0514
1,-1.6896,-1.1391
1,-0.47215,0.26733
1,-1.8741,-1.0988
-1,-0.15463,1.2931
1,0.25206,0.25832
-1,0.99097,0.59404
1,-0.53909,0.64814
-1,-0.86552,0.75115
-1,-0.3374,-1.4511
1,1.0929,-1.2365
1,-1.5049,0.28241
-1,1.5035,-0.060759
1,-1.0228,0.40855
1,1.1485,1.4851
1,-0.11755,1.6973
-1,0.58356,0.67858
1,0.16843,1.9715
-1,-1.0423,0.67918
-1,0.1757,-1.1101
1,1.3709,1.2942
-1,1.1323,0.3303
-1,-0.60637,3.1943
1,-1.0323,0.15289
1,-2.062,-1.2301
-1,-0.96145,1.0012
-1,-1.0326,0.65441
-1,-0.99924,1.1987
1,0.40842,0.017901
-1,-0.54233,-0.73936
-1,-0.62383,1.7515
1,-1.3878,-0.15554
-1,-0.52943,-1.2175
1,0.40382,0.0099855
1,-1.3001,0.6512
1,-1.6676,-0.21212
1,0.6158,1.771
-1,0.18461,0.61749
-1,0.33473,1.954
1,0.14333,0.26252
-1,1.7504,-1.0318
-1,-1.4927,0.55493
-1,0.4393,1.4992
-1,1.0082,0.82916
-1,0.81597,0.76158
-1,1.032,0.76559
1,1.9699,0.99027
-1,-0.54932,1.0272
-1,1.014,0.55484
-1,-0.22611,-1.4539
-1,0.93323,0.71647
-1,-0.030324,2.1116
-1,-0.61672,-0.79159
1,-0.85092,0.18893
1,-1.4309,0.028125
-1,0.37176,-0.8094
-1,-0.39979,-1.1503
-1,0.31395,1.8405
-1,1.5734,0.17107
-1,-0.40476,-1.0898
-1,1.4883,0.38542
1,2.5134,0.90085
1,-0.72778,-0.7603
1,2.0551,1.1163
-1,0.56919,-0.85814
-1,-0.74136,0.9791
1,-1.4779,-0.29667
1,1.2863,-1.4298
-1,1.5439,-0.26021
1,-0.39432,-0.25343
1,-0.26784,0.75029
-1,-0.38089,1.4088
1,-0.97456,-0.18242
1,0.98081,0.25972
1,-0.11903,2.0583
-1,-0.74733,-0.71958
-1,0.42046,1.0956
-1,-0.21115,-0.63672
1,-0.18568,-0.09247
1,1.0942,-0.64317
-1,0.61714,1.1061
-1,-0.48597,-0.88719
-1,0.37539,1.2733
1,-1.3128,0.23929
-1,-0.84336,1.4015
-1,-0.44344,1.8565
1,1.2045,-1.5614
-1,1.064,0.84232
1,1.8384,1.1792
-1,-0.51998,-1.1657
1,-1.096,0.13503
-1,-0.33794,-0.91022
1,1.1137,1.3264
-1,0.33522,1.9903
1,0.31513,-0.18205
-1,0.62693,0.12496
-1,-0.27819,-1.3224
-1,-0.8496,0.96276
-1,-0.71801,-1.2542
-1,-1.1869,-0.9757
1,-1.3286,-0.58082
1,1.1566,-1.2981
-1,0.84442,1.2157
-1,-0.81684,-1.109
-1,0.24654,-0.89973
-1,-0.12565,-1.6723
1,0.28721,-0.51658
-1,-1.1408,0.69307
1,-0.20912,-0.3557
-1,-0.62087,1.1645
-1,-1.1951,0.65889
1,0.0029467,-0.12533
1,-0.25482,0.38662
-1,1.0838,0.088002
1,-0.34803,0.11852
1,-1.6176,-1.8497
-1,-0.47562,-1.494
1,0.31855,1.6066
-1,1.2927,0.67749
1,-1.0089,-1.2675
-1,-1.6322,0.72781
-1,0.66218,1.4876
-1,-1.1725,0.58567
1,0.043107,-0.019866
-1,0.9489,0.42238
1,-0.61722,-0.45813
-1,-0.90078,-1.5593
1,-1.8831,-0.45412
1,1.3398,1.3654
1,-1.1144,0.0017228
-1,0.40839,1.1562
1,-1.7893,-0.12404
1,-0.30479,0.24703
-1,0.095121,-1.3871
1,0.29157,-0.15852
-1,1.1942,0.69699
-1,-0.074272,-1.381
1,-1.1278,-0.44281
-1,-0.37905,-1.5994
1,1.6177,-1.1568
-1,0.71912,0.75902
-1,0.3874,-0.79824
-1,-0.86454,-1.1041
-1,0.032047,-1.5015
1,0.56593,-0.97719
-1,1.6639,-0.40215
-1,-1.548,1.0498
-1,0.48876,0.90408
-1,1.6025,0.048651
-1,-0.016945,-0.9393
-1,-0.20322,-1.0771
-1,0.90989,0.66541
1,-1.9835,-0.65547
1,-0.072349,-0.42815
-1,-0.076492,-1.1186
1,-1.4234,-0.61678
-1,1.0598,0.76332
1,-0.57889,-0.39698
-1,0.88036,-0.24053
-1,0.91525,0.61085
1,0.3159,1.431
1,-0.81249,-0.41065
1,0.67738,0.10791
1,-0.73933,-0.065976
-1,0.91894,0.79753
-1,0.91589,1.6301
1,-0.020799,1.755
1,-0.020331,1.924
-1,1.1587,1.0513
-1,-0.85452,-1.0513
1,-1.5127,-0.2702
1,-1.4449,-0.074627
-1,1.8268,0.45201
1,-0.23467,0.35155
-1,1.0759,0.83885
1,1.4269,-0.81633
1,-0.42849,-0.50886
-1,0.59158,1.1537
1,-0.88974,-1.1794
1,1.8033,1.3614
-1,-0.13804,-0.95052
-1,0.31821,-0.86982
-1,-0.37479,1.3646
-1,-0.70439,-0.80171
1,0.39599,1.8081
-1,-0.59721,-1.5972
-1,-0.94119,0.97597
-1,-0.45114,1.7167
1,-1.3407,-1.0476
-1,-1.19,-1.0273
-1,0.52884,0.13329
-1,-0.81522,1.1761
-1,1.2955,-0.028028
-1,0.054502,-1.3154
1,1.8236,1.4305
-1,-0.83499,0.67051
-1,0.7083,0.96108
1,0.86595,-0.80698
-1,-1.9394,0.59816
-1,-0.36197,-1.7031
-1,-1.3973,0.55286
-1,0.1364,-1.3635
1,-1.7097,-1.2949
-1,-1.0136,-1.4662
-1,0.9483,1.4111
1,-1.8113,-1.2112
1,0.27501,-0.20205
-1,-1.9318,0.5253
1,-0.043315,0.60498
-1,-0.82725,1.2308
1,-1.7703,-1.1884
-1,0.053828,-1.0134
1,0.39559,-0.60611
-1,0.63664,1.2493
1,-0.46244,-0.187
-1,-0.90442,0.95289
1,1.4062,-1.3759
1,-0.32547,0.3881
-1,-0.89069,0.5934
1,0.27165,1.823
1,0.59479,0.54623
1,1.2119,-0.77417
-1,0.16839,-1.0627
1,-0.95681,0.84799
1,-0.35201,-0.48996
-1,0.47074,1.3938
-1,0.25529,0.41247
-1,0.83621,0.84935
-1,-0.37573,-0.97482
-1,-0.5107,-0.73367
-1,0.22026,-0.86668
1,0.29023,-0.48055
1,-0.83929,0.1108
1,2.251,1.2071
-1,0.1324,-1.4887
-1,-0.10924,-1.3196
-1,1.2218,0.21723
1,0.32863,-0.3703
-1,1.3605,-0.42545
1,-1.3343,-0.64673
-1,0.87916,1.0309
-1,1.1062,0.20513
1,-1.0074,-0.39683
-1,-1.1753,0.6924
-1,1.552,-0.0054602
1,-0.69856,-0.00057812
-1,-0.60726,-0.89437
1,-0.65052,0.36902
1,0.75904,0.032801
1,-0.84685,-0.21283
1,0.79916,-0.83425
-1,0.56915,1.1476
-1,-0.82304,0.72939
1,0.55191,-1.0738
-1,0.39994,-1.3936
-1,0.52694,-1.0202
1,0.61717,1.3437
-1,1.2679,-0.15879
1,-1.2433,-0.35176
-1,-0.79116,-1.255
-1,0.38517,-0.74426
-1,0.94499,0.30946
1,-0.52189,0.206
1,0.59208,0.23481
-1,0.92368,0.70125
1,-0.21065,-0.33391
1,1.5112,1.59
-1,-1.3664,0.92795
-1,-0.83015,-1.0781
1,0.043947,2.034
-1,-1.0833,-1.2987
1,0.94488,0.23858
-1,-0.13672,-1.393
1,1.4249,-0.20821
-1,-0.65504,-1.4398
-1,-0.36747,-1.0352
1,-1.6376,-1.9116
-1,-1.0786,1.0128
-1,1.1598,0.70263
1,0.20109,0.0023981
1,-0.25165,0.62306
-1,1.0528,-0.22969
1,-1.7458,-1.2712
-1,0.38591,-0.99705
1,-1.5257,-1.7235
1,-0.43633,0.82063
-1,-0.48785,-1.3062
1,-1.0825,0.35642
1,-1.7836,-0.60741
1,0.59817,0.13258
-1,-0.95126,1.3902
1,0.17711,0.73114
-1,-0.62522,-0.67524
1,2.0002,1.7088
-1,0.2105,-1.2777
-1,-0.12451,-1.4838
-1,-0.77857,-1.2011
-1,-1.5512,0.69468
-1,-0.77594,-1.2573
1,0.87591,-0.80746
1,0.87295,-1.0287
1,-0.94575,-0.19703
-1,-0.10551,-1.1396
1,-0.58161,-0.75229
-1,0.096598,-1.0642
1,1.5273,-1.8056
-1,0.40358,-1.099
1,0.23539,0.77209
-1,-0.5729,-0.87969
1,0.33239,-0.52712
1,0.89813,-0.71896
-1,0.31428,1.5399
-1,0.67638,0.89158
1,-0.30106,1.8196
-1,-0.73924,1.3245
-1,0.92519,0.89528
-1,-0.63433,-1.1454
1,-1.5226,-0.74015
-1,0.82231,0.50096
-1,1.1982,0.069142
1,-0.48032,0.050744
-1,0.56043,-1.055
1,0.79129,1.6901
-1,-1.3151,1.119
-1,1.7438,0.57665
-1,-0.47303,-1.5487
-1,1.0808,0.37753
1,0.45758,-0.70901
-1,1.6108,-0.38683
1,0.15724,-0.65196
-1,-0.87845,-1.4583
1,-1.7147,-0.65323
-1,1.1275,-0.011599
-1,0.1268,1.9394
-1,0.034494,-0.69068
-1,0.010542,-1.2614
1,0.18383,0.55826
-1,0.12585,0.81883
1,-0.12152,-0.067095
1,0.15472,0.037312
1,0.00051933,0.2822
1,2.5733,0.98867
1,-1.9049,-1.3158
-1,0.30745,-0.67821
1,0.45621,0.27775
1,0.62449,-0.2849
-1,1.5919,-0.52228
1,0.38447,-0.31428
1,1.1784,1.2467
-1,0.32777,1.2849
-1,0.99858,0.81108
1,-1.0155,0.52124
-1,0.90919,0.11786
-1,-2.0447,0.13076
1,-0.083918,1.0047
-1,0.58551,1.1503
-1,0.84659,1.3957
-1,0.74634,0.4407
-1,-0.5226,-1.3057
1,-0.12861,-0.060979
1,0.0016784,0.26233
1,0.57195,-0.81167
-1,0.8507,1.4647
-1,0.59931,1.1351
1,1.2428,-1.3318
-1,-0.93006,0.75802
1,0.50181,-0.53642
-1,-0.93556,-1.5002
-1,1.5225,0.7946
-1,0.16338,-1.1294
-1,0.67826,0.33529
1,-0.07085,0.43863
1,-0.39089,0.18127
-1,0.51393,1.2692
-1,-1.5173,0.94612
1,0.46879,-0.32076
1,0.90797,-0.50572
-1,0.53481,1.3992
1,1.2268,-2.1991
1,0.96568,-0.19865
1,-0.40287,-0.63558
1,-0.69802,-0.72571
1,0.30356,-0.0039311
1,-1.4377,-0.22516
-1,1.432,0.4835
1,-0.95555,-0.81752
-1,0.74597,0.99079
-1,1.6411,0.51283
-1,-1.0758,1.3064
1,0.40645,-0.70708
-1,1.0955,0.73997
1,-0.76136,0.37323
1,-0.3221,0.53451
-1,0.14966,1.2992
-1,0.072645,-1.3121
1,0.084351,1.7235
1,-1.7823,-0.57151
-1,1.1405,0.49353
1,-0.69191,0.75876
1,-0.8562,-0.23466
-1,-0.75,-0.88087
1,-0.65068,-0.15867
1,0.31021,0.56986
1,-0.5772,0.20625
-1,-0.96416,-1.1744
1,1.2562,-0.91172
-1,-0.86199,1.5262
1,-1.5672,-0.20483
-1,1.1148,-0.10558
1,-1.321,-0.4027
1,-2.1062,-1.5087
-1,-0.591,-1.0782
-1,-0.4463,-0.86129
-1,2.2157,-2.0361
1,1.8926,0.83397
1,1.3623,-0.73241
1,-0.53171,0.18127
1,0.33133,0.1847
-1,-1.3445,0.80475
1,-0.63926,0.67991
-1,-0.058297,-1.1517
1,0.87781,-1.3806
-1,-0.71501,-0.96898
-1,0.49425,1.1751
1,-1.3331,-0.86096
-1,1.383,1.2663
1,-0.29461,0.56545
-1,-1.6387,0.57244
1,1.0694,-1.3819
-1,0.65473,1.1409
1,-0.73739,-0.06772
1,0.25709,0.15385
-1,-1.0569,1.031
1,1.1729,-1.389
-1,-0.5006,-1.4349
-1,-0.15624,-1.1636
-1,-1.1167,0.57649
1,2.5912,1.1599
1,-1.3174,0.039894
-1,-1.0205,-1.4269
-1,-0.5744,1.3154
-1,0.24035,-1.1375
-1,0.77022,1.3978
-1,-0.3498,-1.4857
-1,0.1793,1.8668
1,0.75634,-0.070903
-1,-0.73657,-0.61672
1,1.3853,1.5161
1,-0.85198,-0.59008
-1,1.3768,0.74853
-1,1.1629,0.6539
1,1.2455,1.1983
1,-1.1998,-0.82557
1,-0.97393,-0.81772
-1,0.3787,1.362
-1,-0.12103,-1.0487
1,-0.81302,-0.56975
-1,1.0403,0.5627
1,0.43471,1.3071
-1,-0.32934,-0.95485
-1,0.54423,1.4105
1,0.56863,-0.53826
1,-1.5613,-1.0499
1,-0.015953,-0.44751
1,-1.8359,-0.36555
-1,-0.73369,-1.095
-1,0.63335,0.90144
-1,1.2352,0.90788
-1,0.51693,1.7135
-1,0.032497,-1.4626
1,-0.65145,-0.52836
1,0.49587,-0.61414
1,-0.40424,0.17826
1,-1.8076,-0.54318
-1,-0.29829,-1.2554
-1,-0.15314,-1.2007
1,-1.0163,-0.29555
1,-0.10708,-0.23222
1,-0.29213,-0.22409
-1,0.23285,-1.2918
1,-1.0169,-0.1461
-1,-0.62457,1.6491
1,1.0781,1.3581
1,-0.33588,-0.052311
-1,0.076237,-1.2728
1,0.36374,1.9813
1,-0.81847,0.65367
-1,-0.50196,-1.0414
-1,-0.65093,1.1246
1,-0.55098,0.28755
-1,-0.61654,-1.0221
1,-1.7794,-0.582
1,-0.48365,0.61475
1,0.63215,1.4547
-1,0.5224,1.46
1,-1.3702,0.14996
-1,-0.1439,1.6782
1,-1.0683,0.0051325
1,1.1894,-1.3372
-1,1.0909,1.2127
-1,0.97621,1.2358
1,1.1154,-1.7217
1,0.1096,0.55346
1,-0.40297,-0.48806
1,1.2136,1.3146
-1,1.0746,0.44091
-1,-0.76813,-0.90926
-1,-0.65264,-0.73408
1,-0.17627,-0.20691
1,-1.3045,-1.166
-1,-0.75256,-1.0767
-1,0.34469,-0.8911
1,-0.48175,-0.48526
-1,-0.43893,-0.96052
1,-1.487,-0.22094
-1,0.38577,1.915
-1,-0.26181,1.2813
-1,-0.41137,-1.3423
1,0.0052011,0.2399
-1,1.0071,0.86477
-1,-1.6759,0.92982
-1,-0.11635,-1.3592
1,-0.38308,0.67106
-1,0.052552,1.4214
1,1.988,1.1805
1,0.85912,-0.95174
1,-0.90355,-0.20257
-1,1.1785,0.39201
1,1.1639,0.15082
-1,1.3472,-0.25001
-1,0.43363,2.1941
1,0.51055,-0.77292
-1,-0.13853,-1.2658
-1,-0.89898,-1.2473
-1,1.1571,0.84702
-1,1.2679,-0.19444
-1,0.32573,1.4485
1,0.18798,1.5871
-1,0.46294,0.49799
-1,-0.88838,-1.5856
1,0.027132,1.8306
-1,-0.5182,-0.91426
-1,-0.84673,-0.87086
-1,1.8752,-1.131
-1,-0.36937,-0.96498
1,-1.1782,0.030233
1,-0.97382,0.51107
1,-1.3946,-0.32192
-1,1.0718,0.61026
1,-1.5554,-1.0965
1,0.58721,0.32191
1,-0.00068879,2.0027
-1,-1.2131,0.77767
-1,-0.76483,-1.1345
-1,-1.7997,0.67626
1,-1.536,-0.5979
-1,0.11737,-1.0688
1,-0.42717,-0.48549
-1,1.122,0.82153
-1,0.99759,0.37019
-1,-0.96491,-0.97828
-1,2.0395,-0.46169
1,0.93042,-0.37494
-1,-0.10955,-0.91124
-1,1.29,0.043669
1,0.036833,-0.23918
-1,0.18326,-1.1636
1,0.99997,1.6942
-1,-0.15546,-1.0317
-1,-0.018883,-1.2809
-1,1.4322,-0.36631
-1,-0.097902,-1.0139
-1,-0.95398,0.84826
-1,0.51002,-1.1463
1,-2.1691,-0.5229
-1,0.94074,1.16
-1,1.7949,-0.83449
1,-1.0076,-0.21063
1,-1.5374,-0.64061
1,-1.5023,-1.2236
-1,-1.0387,-1.238
-1,-1.4727,0.95967
1,-0.076689,0.00016847
1,-1.6674,-1.7322
-1,-0.5134,1.288
-1,0.44765,0.70991
-1,-1.3265,1.0764
1,0.63546,1.6683
1,-1.0055,0.41244
1,-1.4331,-0.54599
1,0.64633,-0.93188
1,1.4542,-1.7756
-1,-0.64254,1.6846
1,-1.5066,-0.59263
-1,0.63186,1.7398
1,-0.087613,0.25495
1,-1.4112,-0.21411
1,0.10069,1.9315
-1,-0.70048,-1.2494
1,0.83232,-1.2944
1,1.2319,-0.78494
-1,1.2198,1.3458
-1,0.80178,0.85218
-1,-0.25358,-0.93152
1,1.2108,-0.87336
1,-0.17802,-0.23822
-1,-0.70679,-1.4295
1,-1.5218,-0.0033494
-1,1.2857,-0.12049
-1,-0.052656,-0.74586
1,-0.47746,0.67599
1,-0.3221,-0.35554
-1,-1.0051,-1.2855
-1,-0.64654,1.0788
1,-1.0484,0.21912
-1,1.2388,0.82771
-1,0.31331,-1.0669
1,-1.3231,-0.14623
-1,-0.71738,1.0048
1,-0.32538,0.96858
-1,-1.6863,-0.17462
-1,-0.69639,-1.2043
-1,0.67272,1.0673
-1,1.0714,0.45673
1,0.22168,1.4739
1,-0.63251,0.25688
-1,1.6816,-0.32026
1,-0.10767,-0.79257
1,-1.8301,-0.96424
1,0.30532,1.6324
-1,0.094916,-1.5595
1,-0.59544,0.6249
1,-1.5529,-1.0165
-1,-0.86087,-1.2078
1,-0.49157,0.12411
1,-0.50839,-0.71471
-1,0.67539,0.88604
1,-1.5702,-0.77246
1,-1.0639,-0.85962
1,1.2006,-0.94812
-1,-1.0634,0.81726
1,1.0191,-0.54922
1,2.033,1.1047
-1,-0.79814,-1.2081
-1,-0.012042,1.4161
-1,-0.44825,0.90957
-1,-0.038849,-0.98422
-1,-0.10367,-1.0946
-1,-0.053131,-1.2607
-1,1.5485,-0.030483
-1,-0.57241,1.1601
-1,1.2089,0.35394
-1,-0.67845,1.6024
-1,0.93339,1.2085
1,2.0717,1.3656
-1,-1.69,0.70617
-1,-1.7359,0.25421
1,-0.71578,-0.19352
-1,-0.63358,1.2139
1,1.1018,-0.37432
1,-0.46072,0.3427
-1,-0.46087,-1.0736
-1,0.70031,1.1414
1,0.23595,0.44268
-1,-0.12176,-1.1422
-1,1.5845,-0.46782
1,-0.067683,-0.39387
-1,1.9597,-0.70865
1,0.01651,-0.63919
1,-0.74283,0.68494
-1,0.13596,-1.4876
1,0.77767,1.4427
-1,-0.34656,-1.1507
1,-0.74401,-0.41515
-1,-1.3123,0.46262
1,-2.0502,-1.9266
-1,-1.6783,1.0776
-1,-0.31053,-1.0652
1,0.89562,0.35955
-1,-0.60424,-1.2049
1,0.20511,-0.47057
-1,1.3815,-0.24421
1,0.66575,1.3597
-1,-0.96999,-1.603
-1,-1.4636,0.59362
-1,-0.12039,-1.2157
-1,1.3787,0.1313
-1,-0.66328,-1.4696
-1,0.38958,1.2654
-1,-0.4358,1.4488
1,-0.22227,0.25915
1,-1.1467,-0.64675
1,-1.3314,-0.27612
-1,-0.62073,1.5244
-1,-1.3374,0.59485
-1,0.91188,-0.11366
1,-0.53218,-0.17865
-1,1.314,0.11776
1,-1.8487,-0.34749
1,0.25197,-0.38902
-1,1.086,0.81164
1,0.77913,-0.81452
1,0.20855,0.75486
-1,0.05286,1.5205
-1,-0.012678,-1.1227
-1,2.064,-0.89342
-1,-0.65233,-1.1043
1,1.2375,-0.68721
1,-0.95866,0.41044
-1,-0.27131,1.5886
-1,-0.23668,-1.3966
-1,-1.2248,0.83079
1,-2.0297,-1.655
1,-0.30822,2.1856
-1,0.41371,1.1574
1,-1.1895,-1.0046
-1,2.0075,-0.69536
1,-0.22223,0.1562
-1,-0.7788,1.0888
-1,1.0585,0.91338
1,-1.7341,-0.24221
1,-0.025365,-0.79035
-1,-0.068476,0.93089
-1,1.2113,0.64215
-1,1.3898,0.15536
1,0.74964,1.9191
-1,1.308,0.16975
1,-0.56633,-0.56314
-1,0.97282,0.6533
1,-1.369,-0.17742
1,-0.26403,0.057053
-1,0.63916,-0.81531
1,-0.82657,-0.50646
1,-1.4,-0.37037
1,-0.58432,0.093728
-1,-0.069702,1.5558
-1,-0.75612,-0.9434
-1,1.287,0.52475
1,-1.8634,-1.7789
1,1.1471,-1.0081
-1,-0.26107,-1.2702
1,-1.7604,-0.63183
-1,0.22488,1.341
-1,0.30277,-1.3539
-1,-0.83496,-1.0354
-1,-0.52361,-1.0869
1,-0.92717,-0.40567
1,-1.0479,-0.38178
-1,-0.25607,1.5228
1,-0.66024,-0.070822
-1,0.30903,-1.0331
-1,-0.54218,0.91847
-1,1.4503,0.22881
-1,-1.0077,-1.5333
1,0.22727,1.7092
1,0.30688,0.12034
1,0.91641,0.14442
1,0.84521,0.007139
1,1.6422,1.5339
-1,-1.574,0.67878
1,-0.70696,-0.56787
1,0.91265,-0.37421
-1,-0.69831,-1.263
1,0.42386,0.053307
-1,-0.88896,-0.88412
-1,-0.7613,-1.4417
1,-0.46596,0.14509
-1,0.10004,-1.478
-1,-1.1435,0.84861
-1,0.91156,2.0953
-1,0.21249,1.8068
1,-0.74731,0.46828
-1,-0.39097,1.0289
1,0.057365,-0.13365
-1,-0.41512,-1.2959
1,-1.4618,-0.29783
1,0.031673,-0.82063
-1,-0.99503,-1.3899
1,2.2204,1.3143
-1,-1.3998,0.47498
1,-1.6463,-0.72254
1,0.56475,1.5601
-1,0.39503,1.206
1,2.0325,1.3223
-1,-0.68938,-1.454
-1,-0.25871,1.3374
1,-0.2616,1.7077
1,0.88326,-1.0036
1,0.5236,0.28271
1,-1.5248,0.24618
1,-1.4329,-1.1823
-1,0.16556,-1.2487
-1,-0.45082,-1.3356
1,-0.11382,-0.14677
-1,0.005638,-1.144
-1,-1.434,0.24485
-1,1.1594,0.77629
1,1.3504,1.0959
1,-0.98993,0.2311
1,0.37726,0.19833
-1,-0.46836,-1.1696
-1,0.88814,0.81677
-1,0.60238,1.0622
-1,0.67182,2.033
-1,0.43096,-1.4596
1,0.95169,-1.8986
1,-1.1781,-0.097782
1,-0.47891,0.071929
-1,0.68488,2.1968
1,-0.22086,0.12043
-1,0.19586,1.2702
-1,-0.26822,-1.2565
1,0.14176,-0.69801
1,0.97624,-1.3867
-1,1.7896,-0.45875
-1,-0.065898,-1.3294
-1,-0.10795,-1.302
1,-1.1936,-0.3278
-1,0.97432,0.51213
-1,-0.18006,-0.6395
-1,0.060769,-1.2311
-1,0.9414,1.4587
1,-0.066628,0.065618
-1,0.38618,1.5493
1,-1.1676,0.22161
-1,1.0218,0.9758
1,1.3418,-0.63172
-1,-0.067719,1.7359
1,0.35204,0.33261
-1,0.80116,1.136
1,-1.8851,-0.72653
1,0.025632,0.2278
-1,0.81303,1.0636
-1,1.3123,0.20752
1,1.4795,1.0093
-1,-0.79567,-1.6274
-1,-0.43508,-1.5321
1,-1.6983,-1.7903
1,-1.4943,-0.49802
1,-1.5871,-0.76566
-1,-0.48393,-1.1991
1,-1.4275,0.091053
-1,0.011553,-1.0923
-1,0.53581,0.92113
1,0.55285,-0.15932
1,0.0027502,-0.055512
1,0.4261,0.19381
-1,0.37137,-1.2271
1,-1.9326,-0.92041
-1,-1.4247,0.82983
-1,-0.069626,-0.89604
-1,0.30299,-1.1843
-1,0.83548,1.245
1,0.096848,0.58897
1,0.023812,0.083568
-1,0.72013,0.67745
1,-0.0014458,-0.69954
1,1.4716,1.2057
-1,-0.79128,-1.4287
1,0.83749,1.7479
-1,1.6844,-0.47242
1,-0.3298,0.082927
1,0.20047,-0.60896
1,-0.52803,0.29638
-1,1.6335,0.054484
1,0.55356,-0.45417
1,0.010703,0.025802
-1,1.5015,0.54054
1,1.1634,-0.76827
1,-0.87615,0.23214
-1,1.0319,-0.20904
-1,-0.48947,-1.1343
-1,0.13653,-0.86213
-1,1.0532,0.77585
1,0.77276,-0.74662
-1,0.038613,-1.2587
1,0.24189,0.34696
1,-1.3832,-0.82593
-1,-0.50134,1.095
1,-1.2745,0.18368
1,1.0254,-0.38206
-1,0.477,1.8266
1,-1.6089,-0.36391
-1,0.6767,1.0287
1,0.90289,-1.1661
1,1.1915,-1.2473
-1,0.41776,-1.1243
-1,0.67967,0.70244
1,0.47823,0.46016
1,0.28077,0.34346
1,-1.521,-0.65762
-1,-0.056738,-1.4071
1,0.44022,0.39856
1,0.25075,0.17116
1,-0.63478,1.9379
1,0.57639,-0.66511
1,-0.30503,0.19376
-1,0.99611,0.22469
1,-0.2963,0.53799
1,-1.2461,0.10383
1,-1.0732,-0.55227
-1,-0.7666,-1.1992
1,-1.3463,-1.1931
1,-1.1088,-0.43974
1,0.82507,-1.2837
1,-2.1905,-1.3004
-1,-0.85885,0.88535
-1,1.567,0.48344
-1,0.95158,0.83645
-1,-1.7364,0.97458
-1,0.38787,0.86327
-1,-0.065576,1.2423
-1,-1.059,1.489
1,0.45242,1.9472
-1,0.069983,1.703
1,0.26037,-0.54012
-1,0.11769,-1.3683
1,-1.6552,-1.5242
-1,0.82874,1.5586
1,-1.6429,0.14297
-1,-0.45194,-1.2206
-1,-0.10906,-1.0672
1,1.4625,-0.4167
1,0.73855,0.13925
1,0.82375,-0.67253
1,-1.7936,-0.072769
1,-1.2401,-0.71971
-1,-0.82775,-0.82042
-1,0.24309,1.6142
1,-0.02691,0.9579
-1,-1.5491,0.38562
-1,-0.86891,0.63394
1,-2.0339,-1.2328
1,-1.5937,-1.3568
-1,-0.13892,-1.2626
1,0.44889,-0.048884
1,-1.2231,0.083578
-1,1.3865,-0.013036
-1,0.77668,0.3124
1,1.6353,1.1151
-1,1.0939,1.0263
1,-1.7941,-0.95392
1,1.1615,-0.3567
-1,-0.017547,-1.214
1,-0.71697,0.45503
-1,1.1745,1.2758
1,0.76372,-0.80426
1,-0.84495,-0.37736
-1,1.6313,-0.55967
-1,-0.21401,-1.2735
-1,0.59458,0.67703
-1,0.51665,1.4623
-1,0.43969,-0.77846
1,0.91999,-0.71708
1,0.12167,0.59928
-1,0.61388,-1.4649
-1,-1.6232,0.46849
-1,0.19626,-0.77851
1,-1.2906,-1.0256
1,-0.64098,0.51579
-1,-1.2932,0.89113
-1,0.98032,0.76585
1,1.2626,-0.55312
1,1.3316,-1.7115
1,0.078807,-0.099847
-1,1.2177,0.42342
-1,-0.56582,-1.6208
-1,0.32226,-1.0373
1,0.096964,-0.59289
1,0.71,0.052858
1,0.35806,-0.88673
1,0.19244,1.9448
-1,0.9041,0.19498
-1,0.29559,1.5143
-1,-0.42031,1.1118
-1,0.072217,1.8028
1,1.1543,-0.45106
-1,-0.7499,1.1428
1,-0.50651,0.35667
1,-1.2703,-0.27273
-1,-0.065665,-1.1888
1,0.95665,-0.78623
-1,-0.16237,1.8375
-1,-0.51118,1.4964
-1,-1.9946,0.54914
1,1.148,-1.137
-1,0.83171,1.3276
1,1.1331,-0.54112
1,1.4145,1.6332
1,-1.2276,-0.80588
-1,1.1951,0.29792
-1,1.2717,0.49553
1,-0.20823,-0.64614
1,0.89402,-0.99151
1,-1.6112,-1.1314
-1,-0.68464,0.98932
-1,0.51429,1.5243
-1,1.0165,0.054055
-1,1.1084,0.048164
1,-1.5875,-1.0038
-1,-0.3143,-0.91856
1,0.28706,1.4509
1,0.69774,-0.65509
1,2.1113,0.9419
-1,-0.86096,-0.86225
1,0.32445,1.6826
1,-0.60077,-0.53943
1,-0.1685,-0.6014
-1,1.71,0.021693
-1,-0.088221,1.1672
-1,-0.35346,-0.83569
1,2.4837,1.2059
-1,0.027292,-0.68298
-1,0.38659,1.7147
1,1.6382,1.4626
1,1.7631,1.4823
-1,-0.82793,-0.83936
1,-0.71062,0.075947
-1,-0.79445,1.0697
1,0.84183,-0.37183
1,0.56125,1.7426
-1,-0.59788,1.2203
1,0.49982,0.76152
-1,-0.14423,-1.0289
-1,0.069809,-1.2545
-1,0.67558,0.92465
1,-0.66953,-0.54997
-1,0.93439,0.31971
-1,-1.137,1.1614
-1,-0.95969,0.6436
-1,0.42767,-1.4294
1,-1.9681,-0.27105
-1,-0.56169,-1.116
-1,0.32765,0.5529
1,1.203,1.5407
-1,-0.25441,-1.3678
1,0.49064,0.19355
-1,2.0531,-0.10509
1,0.043819,0.53625
1,0.36971,-0.051256
-1,-0.07147,1.4123
-1,-0.6682,0.91928
1,-1.666,-0.87538
1,-1.7331,-1.2988
1,0.41402,0.1414
1,0.74263,-1.1841
1,1.365,-1.5233
-1,-0.15992,-1.3621
-1,0.84622,1.8684
-1,0.1749,-0.88724
-1,0.078577,1.6299
-1,0.3084,-1.0558
1,-0.86325,0.49627
-1,0.96206,0.85065
1,-1.7325,-1.3222
1,0.091449,0.49345
-1,1.0362,0.81623
-1,0.28403,2.3061
-1,-0.13679,-1.1637
-1,-0.54724,1.7056
1,1.0301,-1.1229
1,1.223,-0.60719
-1,-0.89238,1.0161
-1,0.10455,1.7651
-1,0.34221,-0.70137
-1,0.5704,1.4158
1,-1.8078,-0.64265
-1,0.21716,-1.2092
1,-1.2009,-0.24847
1,0.88429,-0.76604
1,0.098367,0.62857
1,0.61332,-0.21078
1,-0.26351,-0.76838
1,1.0554,-0.055337
-1,-1.3093,1.2458
1,1.3541,-0.96248
-1,1.2782,0.37341
-1,-0.73585,-1.1408
-1,-0.13163,-1.3709
1,-0.71894,0.24208
-1,1.7058,0.56881
-1,-0.16476,-0.69713
1,0.16906,1.8634
1,-0.18675,-0.26701
-1,0.27093,-1.2846
-1,-0.98359,1.0268
-1,0.6238,0.62115
-1,-0.66499,-1.0388
-1,-0.70416,1.4604
1,1.0514,-0.72322
1,-0.67354,-0.62047
-1,0.6825,-0.14577
-1,0.17815,1.4909
1,0.14648,-0.15139
-1,-0.50603,-1.2043
-1,0.53832,1.3794
-1,-1.4604,1.2007
1,-1.5753,-1.2569
1,1.9434,1.2497
-1,-0.27938,-1.062
-1,0.20722,-1.3811
1,-0.14036,-0.69367
1,-1.3409,0.14602
-1,-0.67709,-1.4067
1,-0.23442,-0.65611
-1,1.0777,0.72041
1,0.34746,0.41427
1,0.31662,-0.023287
1,-1.6439,-0.96206
-1,-0.77864,-1.1439
-1,-0.31405,-0.71971
1,-1.5817,-1.2546
1,-1.1747,0.12555
-1,1.3558,0.85991
1,-0.10438,0.48011
-1,0.76926,0.77155
-1,1.3496,-0.17671
-1,1.2409,0.27319
-1,1.3857,-0.49794
1,-1.3745,-0.20496
-1,0.46268,0.93525
-1,-0.39485,-0.75603
-1,0.3118,-1.2267
-1,-0.28542,1.3863
-1,-0.086625,-1.3681
1,1.2266,-1.1978
-1,-0.63428,1.0823
-1,0.0070974,-0.924
1,-0.023761,0.00040724
-1,-0.53943,1.4054
-1,-0.13568,-1.4148
1,1.9799,1.2741
1,-0.97508,-0.27344
1,0.72983,-0.9904
-1,-1.3511,1.3187
1,2.3428,1.1291
-1,-1.1242,1.1026
1,-1.5577,-0.32858
-1,0.03281,1.2171
1,0.15407,0.62874
-1,-1.4629,0.65671
-1,-0.054548,-1.4521
1,-1.2774,-1.1232
1,-0.89914,0.062111
-1,-0.20557,-1.1531
1,-1.8718,-0.78014
-1,-0.38837,-1.0848
1,0.64138,1.7177
-1,-0.23883,-1.4153
1,1.0881,-0.38353
-1,-0.54449,-0.77345
1,0.10314,0.32949
-1,-0.92907,-1.3868
1,-1.3484,-0.68833
-1,0.98998,1.0168
-1,0.41483,-1.0031
1,-1.0113,-0.77066
1,0.72047,-0.15367
1,-1.8954,0.10568
-1,-1.4912,0.8852
-1,-1.0698,1.3048
-1,-0.49503,-1.1996
-1,0.068111,-0.76038
1,0.5213,0.3754
1,1.2605,-0.32806
-1,-1.0372,0.93675
1,0.41636,0.10045
-1,0.13388,-1.1781
1,-1.481,-1.2305
-1,1.3095,-0.23814
1,1.0147,1.2083
-1,0.31659,-1.1335
1,0.16778,0.34538
-1,-0.70946,-0.94241
-1,1.5744,-0.090801
-1,-0.59378,-1.2147
1,-0.52162,0.87745
-1,1.1448,0.21215
-1,-0.61942,-0.74834
-1,1.2903,-0.49862
1,-0.65811,0.55448
-1,1.2119,0.75243
1,-1.7111,-0.31865
1,0.6164,-1.0708
-1,-0.17453,-0.94554
1,2.2099,1.207
1,-1.131,0.16361
1,0.32486,0.21278
1,1.0243,-0.35111
-1,-1.2997,0.46885
1,-0.91419,0.31667
1,0.9425,1.8874
1,0.96125,-1.3303
-1,-0.094944,-0.82073
-1,1.2087,-0.2713
-1,0.048255,0.86618
-1,-0.49728,-1.293
-1,1.3766,0.58314
-1,0.61404,0.90797
-1,0.85423,1.1491
1,1.0086,-0.98388
-1,-0.92218,0.53339
1,-1.2269,-0.30814
1,1.6726,0.97367
-1,1.1563,0.048859
1,-0.45139,0.72285
1,0.29737,-1.1116
1,0.37702,1.7225
1,-1.8548,-0.34984
1,-0.2133,0.77019
1,-1.2301,-0.3357
-1,-0.39053,1.1029
1,-0.24861,0.02337
-1,-1.5301,0.50055
1,0.39125,-0.090106
-1,-0.72422,-1.4823
1,-1.1839,-0.89801
-1,0.44024,1.157
1,-0.4724,-0.019821
1,-0.28334,1.8796
1,1.4545,1.333
-1,0.79319,0.83619
-1,0.80329,1.3546
-1,-0.49405,-1.2177
1,-1.3896,-1.0928
-1,-0.38251,-1.2581
-1,-0.98135,-1.0417
1,2.3738,1.0734
-1,-0.07603,-1.1248
-1,0.41705,-1.543
1,1.7061,1.1716
1,0.73979,0.053037
-1,-0.49142,-1.5522
1,-0.47246,0.41135
-1,0.01248,-0.6646
-1,-0.1007,-0.76511
-1,-0.60525,-1.5185
1,0.24739,-0.23284
-1,-0.23794,-1.4919
1,-0.37916,0.63822
1,-0.80027,-0.28198
1,0.58354,-0.21169
-1,-1.3762,0.67822
-1,0.020501,1.2331
1,-0.13074,1.7603
-1,0.089856,-1.0868
1,-1.3811,-1.0837
-1,1.292,0.62173
-1,-0.81107,-1.1544
-1,0.017923,-1.0103
1,1.0227,-0.72842
-1,1.0382,0.92959
-1,1.365,0.48229
1,-0.030683,0.67802
1,0.60336,1.8028
-1,-0.37532,-1.3886
-1,-0.97445,-1.4334
-1,0.5506,1.4767
1,0.09677,-0.2254
1,-0.73884,0.57769
-1,-1.4119,1.1088
-1,2.2475,-1.4014
1,-1.6449,-1.2692
-1,-2.3736,-0.010002
1,0.36371,-0.26943
1,-1.7598,-1.3321
-1,1.4689,-0.53138
1,2.3683,1.1389
-1,-1.9613,0.44518
-1,0.65858,0.91301
1,1.3827,-1.0164
-1,1.5885,-0.096323
-1,-1.5373,0.50261
1,0.20906,-0.45539
-1,-0.43702,-0.78912
1,0.40865,0.21191
1,0.61359,-0.15722
1,-0.61553,0.41281
-1,0.88253,0.59787
-1,-0.77994,-1.3685
-1,-0.85036,-0.91999
-1,-1.1104,1.1031
1,-1.926,-0.31473
1,-1.8184,-0.84741
-1,1.0951,0.45783
-1,-1.7042,-0.086986
1,1.0649,-0.42748
-1,1.2106,-0.13178
-1,0.29879,1.519
-1,-0.14784,-1.3709
1,-0.26076,0.20411
-1,-1.0746,0.70743
1,-0.89495,-1.0667
1,0.10459,0.1028
-1,-0.52687,-1.3784
-1,-0.85076,-1.2623
1,-1.2448,-0.010441
1,-0.62829,0.6013
-1,-0.37689,-0.97267
-1,-0.61454,-1.363
1,2.5261,1.4978
1,0.65891,-0.98507
1,-0.71937,-0.38427
-1,-0.65802,-1.3068
-1,1.2353,0.44117
-1,1.8792,0.11576
1,1.3211,-0.31077
-1,1.1214,0.17328
1,2.1207,1.1002
1,0.11206,0.2383
-1,0.0042543,1.6062
-1,-1.0272,1.3082
1,2.1779,1.2094
-1,-0.54528,-1.3138
1,-1.1169,0.15393
-1,-0.70364,0.70983
-1,0.45077,-1.235
1,1.5593,-0.36728
-1,-0.39383,1.3889
-1,0.78364,1.388
1,-0.1118,-0.84108
1,-0.86685,0.21396
-1,1.8041,-1.0016
-1,-1.0238,0.67536
1,1.3242,1.3593
-1,-0.17838,-1.1498
-1,-0.75835,0.79357
-1,0.98129,0.53162
-1,-1.0064,1.2143
-1,-0.49943,-1.3118
-1,-0.11004,-1.2078
1,-0.50709,0.68971
1,2.2037,1.2567
-1,-1.1914,0.30862
-1,0.6717,1.5721
1,-0.67263,0.31311
-1,-0.29797,-1.2594
-1,-0.0083461,1.7642
-1,-0.78556,-1.3346
-1,0.27202,0.81348
1,-1.2857,-0.75447
-1,-0.79515,-1.4251
-1,0.19619,-1.7053
1,-1.5281,0.025051
1,0.83314,-0.25439
1,-1.1599,-0.28475
-1,-0.73792,1.0116
-1,-0.702,-0.81141
-1,1.2232,0.5613
1,0.61268,-0.065081
-1,1.2654,-0.68458
-1,0.3907,-1.4161
1,0.094906,-0.85443
-1,0.16672,0.87023
1,-1.2167,0.56918
1,0.24266,0.30432
1,0.70104,0.023699
-1,1.6442,0.17429
1,1.0316,1.5496
-1,0.13918,-0.76152
-1,1.742,0.19467
-1,0.36823,-0.85575
-1,0.20978,-1.2588
-1,0.82221,0.19185
-1,-0.28732,-1.0679
-1,0.0087927,1.4702
-1,1.2465,-0.11837
-1,-0.081876,1.6361
1,2.5057,1.2997
1,1.1606,-1.0804
-1,-1.9026,0.85634
-1,-0.026288,-1.3466
-1,0.83196,0.4419
-1,0.38435,2.1544
1,-1.887,-0.41758
-1,0.054435,-1.5909
-1,0.14292,-0.78565
-1,-0.56613,1.1875
1,1.105,-0.69537
-1,1.802,0.75655
-1,0.51468,2.2136
1,0.60266,0.14471
-1,0.61182,1.3732
-1,-0.2234,1.0408
1,0.66142,0.014691
-1,-0.72006,-1.3895
1,0.60406,-0.70942
-1,-0.52868,-1.0244
-1,-0.95051,0.53251
-1,0.43734,2.3478
1,0.058481,-0.37774
-1,0.12904,1.5201
-1,-0.68272,1.3762
1,-0.22338,-0.41942
1,0.86256,-1.0237
-1,-0.32538,-1.3179
-1,0.70093,0.56424
-1,1.2886,0.28287
1,2.4638,1.2255
1,-0.3196,0.70722
-1,-0.56736,-1.1443
1,0.71405,-1.0824
1,-0.33949,0.80579
-1,-1.2076,-1.2198
-1,0.38769,1.7177
1,0.32538,-0.032519
1,0.97956,-0.04394
-1,0.32001,-0.99788
1,-1.2634,-0.29591
1,-0.74762,-0.57011
1,0.93917,-0.3513
1,0.47284,-1.1069
1,0.28906,0.59814
1,-0.14156,0.23132
-1,-1.7765,0.81899
-1,-0.92982,-0.8949
-1,1.2273,-0.0084749
1,0.8935,-0.32698
1,-0.55302,-0.68704
-1,-0.5989,-0.96496
-1,-1.4129,1.1449
-1,1.1349,0.42876
1,-1.5973,-0.54131
-1,2.5945,-1.1546
1,-0.77957,-0.42984
1,0.36906,0.49003
1,-0.97084,-0.90561
1,2.6214,1.116
1,-0.44828,-0.35409
1,-1.6515,-0.73067
-1,0.24908,-1.464
1,1.2188,-1.5772
-1,-0.65366,-1.02
1,0.38805,-0.085118
-1,-1.821,0.47392
-1,-0.26559,-1.1977
-1,1.0635,0.62906
1,2.327,1.2059
1,-1.2492,-0.89745
-1,-0.49504,1.3084
-1,0.52693,1.184
1,0.71988,-0.31576
-1,0.80265,0.34942
1,-0.24149,0.89709
1,-1.2498,0.51184
1,-0.20176,0.71186
-1,-0.5813,1.3584
-1,0.52557,1.4752
1,-1.3906,-0.11844
1,0.56584,0.081532
-1,-0.019156,-1.0331
-1,-0.80343,-0.70514
-1,-0.58391,1.0096
1,-0.41278,0.05538
-1,-0.41261,1.175
-1,0.47184,1.3705
1,-1.2838,-0.25859
1,-1.5168,-1.3986
-1,-0.20651,-1.3695
1,-1.0933,-0.46265
-1,1.4722,-0.057842
-1,0.44921,0.64772
1,-0.89599,0.20725
-1,-0.89283,-1.2651
1,-1.511,-0.19643
-1,0.074495,1.7801
1,-0.10551,0.55185
-1,1.3414,-0.68899
1,0.49478,-0.28052
-1,-0.33697,1.8533
1,-0.5329,-0.4022
-1,-0.53405,-1.2281
1,-0.21532,0.54895
-1,1.5149,-0.3551
1,-0.041107,0.31998
-1,1.0197,0.99687
1,-1.9292,-0.085648
-1,-1.9805,0.87515
1,0.64255,-0.40324
-1,-0.66657,-0.89534
1,-0.096219,0.18962
1,-1.2614,-0.45689
-1,-1.3393,0.82415
1,0.47211,0.097882
1,-0.82359,-0.47125
-1,1.3727,0.42777
-1,-0.51868,-0.79859
1,-1.7034,-0.84476
1,0.39484,1.3485
1,0.13704,1.9444
1,-0.068251,-0.4035
1,0.1053,-0.20777
1,-1.3082,-0.32036
-1,-0.83044,0.99251
-1,-0.31552,-1.363
-1,-0.053624,1.5981
-1,-1.5201,0.65952
1,0.88906,-0.56574
-1,-0.66398,1.183
1,-0.83567,-0.50687
1,0.83904,-0.081896
-1,-0.68984,-1.3346
-1,-0.50903,-0.82441
-1,-0.1706,-1.0889
-1,-0.6213,1.1056
1,1.5427,1.2442
-1,-0.35701,-0.94448
-1,-0.77176,-1.3783
-1,0.26293,-1.4778
-1,-0.71074,0.95999
-1,-0.041826,-1.0249
-1,0.64568,1.2331
-1,-0.15111,1.6624
-1,-0.45568,1.5484
-1,0.83079,1.3474
-1,0.19854,-0.86046
1,-1.5077,-0.28502
-1,-1.6736,0.87959
-1,-0.58026,1.3429
1,1.1556,1.4783
-1,0.3572,-1.0729
-1,1.8677,-1.1579
-1,0.29905,1.4941
-1,1.327,0.82466
-1,-0.4747,-1.0185
1,1.4025,-1.1277
1,0.22147,0.14748
-1,0.40477,1.931
-1,-1.1584,0.38121
1,2.3196,1.2963
1,-1.0105,-0.15507
-1,-0.7832,0.93129
1,0.038124,0.16698
1,1.4455,-1.0344
-1,-1.0811,-0.9522
1,0.26954,0.69585
1,-1.5004,-0.38975
-1,-0.19961,-1.0247
-1,-0.75754,-1.2075
1,-0.63684,0.94219
-1,0.91705,0.23088
-1,1.1921,0.59449
-1,-0.32854,-0.85804
-1,-0.68009,1.6834
-1,-0.26488,1.284
-1,-0.55998,1.0613
1,0.15054,0.32152
-1,0.66103,1.6935
-1,1.2094,1.2811
1,-0.16628,0.16534
1,0.59093,-0.42674
-1,0.93318,0.7112
-1,-0.029738,-1.5817
-1,0.6664,-1.5209
-1,0.91804,0.82023
-1,1.033,0.033101
-1,-0.38637,1.5025
1,-1.8717,-1.3206
1,-1.4378,0.091931
1,0.61715,-0.58494
-1,0.53373,2.1531
-1,-0.8972,-1.0427
1,1.053,-2.0781
-1,0.83467,-0.01374
1,-1.672,-0.26623
-1,1.0808,0.9246
-1,0.029212,-1.213
-1,-0.26549,1.708
-1,-0.26968,-1.2835
1,-1.1245,0.55938
1,-1.0652,0.045646
1,1.2165,-1.4589
1,0.26974,0.049076
1,0.77401,-1.2204
-1,-0.9556,-1.6133
-1,1.6175,-0.91923
1,1.1344,-1.7452
-1,0.48275,-1.2297
1,-0.40748,0.60225
1,1.8544,1.6057
-1,-0.14136,-0.79704
1,1.4613,-1.0605
-1,-0.12944,-1.692
-1,0.495,1.5434
-1,0.64712,0.3167
1,-1.4004,0.26061
1,-0.10076,-0.12155
-1,-1.4229,1.1343
-1,-0.053679,-1.5168
1,-0.4394,-0.88371
1,-0.0060001,-0.3199
1,-1.1139,0.2758
-1,0.42046,2.1001
1,0.10852,1.652
-1,-0.6229,1.2399
-1,0.017478,1.467
-1,0.47662,0.79119
-1,-0.050809,-1.1859
1,2.7103,1.3466
-1,0.28355,1.8607
1,1.3287,-0.77384
-1,1.5886,-0.37799
1,-0.74844,-0.033999
-1,-0.40228,-1.113
-1,-1.0468,0.96622
-1,-1.6021,0.78818
1,0.20663,0.6501
-1,-0.34309,-1.3911
-1,1.4431,-0.044703
1,0.50061,0.025115
1,-0.43077,-0.34609
1,1.0069,-0.74326
1,-1.4736,-0.21242
-1,-0.087401,-1.0735
-1,0.89271,0.69116
1,-1.2792,-1.1664
-1,0.27252,1.7889
1,-0.71046,0.46542
1,-1.3916,-0.6797
1,-0.71487,0.085857
1,0.63547,0.55913
1,0.36606,0.16429
-1,-0.56816,-1.3626
1,-1.2437,0.09998
-1,-0.33544,-0.80969
1,0.17513,0.65156
-1,-0.20726,-0.74505
-1,-0.48055,-0.90448
-1,0.43128,0.26649
-1,0.46478,-1.258
1,0.5327,0.54053
-1,2.1412,-0.45337
-1,-1.9335,0.95964
-1,-0.010725,-0.9605
-1,-0.90782,1.2627
1,1.4091,-2.0938
1,-1.5149,0.21279
-1,0.58939,0.71441
1,-0.93005,-0.50239
-1,-0.67803,-1.3248
1,0.454,1.4789
1,-1.602,-1.3192
1,-0.19758,-0.66075
1,-0.28807,0.30497
-1,-0.41487,1.484
1,0.84989,-0.82897
-1,-0.85453,1.2197
1,0.9162,-0.025505
1,0.54579,-0.19549
-1,0.43097,-1.329
1,-0.84898,-0.18718
-1,-0.30985,-1.2671
-1,-0.70564,-0.69672
-1,-0.56035,-1.1212
-1,0.16188,-0.7914
-1,-0.8213,-1.4431
1,0.20332,0.61724
1,-1.0161,-0.22355
1,-1.2076,-0.85428
1,0.87769,-0.85603
1,-1.8138,-0.99354
-1,1.2669,0.30121
1,-0.31606,0.17728
-1,0.17747,-1.3731
-1,-1.7037,0.86887
-1,-1.0223,-1.2858
-1,0.86885,0.57581
-1,-0.37359,-1.0786
1,-0.055224,0.88207
-1,0.46152,1.8918
-1,0.61471,0.37546
-1,-0.87589,0.92042
-1,1.1865,0.99726
-1,-0.44541,-1.2366
1,-1.6398,-1.1597
1,0.95527,-0.22965
-1,-0.83598,-1.3566
-1,-0.42369,2.0118
-1,1.2456,0.55537
1,1.2595,-1.026
-1,1.3616,0.25759
1,-0.60577,-0.12933
-1,0.3182,1.3952
1,-1.7413,-0.5205
-1,0.28883,1.0065
1,1.1457,1.1588
1,-0.91411,-0.52243
1,-1.2582,-0.50318
-1,1.063,0.26611
1,1.0887,-1.1176
1,-0.24889,0.50493
-1,0.71347,1.0188
-1,0.14795,1.2633
-1,-0.9355,1.8104
-1,1.6994,-0.033567
-1,0.93502,0.556
1,-1.365,-0.21335
-1,-0.069891,-1.2021
-1,-1.5537,0.58785
-1,0.84887,0.90694
1,0.058631,-0.13329
-1,-0.86223,1.0102
-1,0.12506,-1.2398
-1,-0.2358,-1.1719
-1,-1.2445,1.1372
1,0.11186,0.028539
1,1.0193,-0.26127
-1,-0.26728,-0.89646
-1,0.6594,1.0699
1,2.1231,0.97784
-1,1.1319,0.40474
1,-1.1347,-0.622
-1,-0.72258,0.63341
1,-0.95741,0.039048
-1,1.2339,0.45812
1,-1.0365,-0.13068
-1,1.2275,-0.099738
-1,-0.29824,-1.162
-1,0.12736,1.2194
-1,-2.6004,0.21677
-1,0.71146,0.78666
-1,1.0126,0.39658
-1,1.086,0.15476
-1,0.83317,0.65293
-1,-0.44573,-1.5291
1,0.55195,-0.19904
-1,1.3108,0.32778
-1,0.72388,0.41695
-1,0.66099,1.1963
-1,1.0231,0.097493
1,0.38463,-1.0728
1,0.5574,-0.25458
-1,-1.2325,0.88959
-1,-0.95895,1.0766
-1,-1.4076,1.0879
1,-0.16987,-0.34589
1,1.7343,0.97933
1,2.341,1.1631
-1,0.60396,1.0274
1,1.9486,1.087
1,-0.24119,0.77424
1,0.18965,0.96933
1,-1.4586,-0.89054
-1,-0.1323,0.95439
-1,1.3901,0.262
-1,1.7173,-0.47078
-1,-0.020748,-1.1397
-1,0.97277,0.45654
-1,-1.4936,0.41501
1,0.83038,1.6673
-1,0.9075,0.12728
-1,1.5421,-0.3356
1,-0.29601,0.25465
-1,-0.53628,1.1285
1,-1.3832,0.097311
1,-0.45073,0.77525
-1,0.71202,0.83715
-1,0.22584,-1.0187
1,1.4338,-1.2053
1,-0.94451,-0.63879
1,0.13858,-0.80319
-1,0.99489,0.50168
1,-1.2158,-0.0961
1,1.4214,-0.32044
1,0.61965,-0.98624
-1,-1.0962,1.1634
-1,1.2491,0.79391
-1,0.75283,0.78112
-1,1.2166,1.1305
-1,1.1489,0.63429
-1,-1.0733,1.164
1,0.81118,-1.6477
1,-0.96596,0.4866
-1,0.65073,-1.0814
1,-0.56548,-0.082244
1,0.8202,-0.5143
1,1.0508,-0.46663
-1,-0.46737,1.3002
1,0.58741,0.03312
-1,-0.29898,-1.1386
1,0.79926,-0.98969
1,-1.7169,0.14228
-1,0.247,-0.96031
1,-1.4104,-0.85583
-1,-1.5231,0.38777
1,-0.057392,-0.20846
-1,0.5375,-1.3861
1,-0.62856,-0.11762
1,0.88348,0.10625
-1,-0.59849,-1.3769
1,-1.3833,-1.106
1,0.45538,-0.86889
-1,1.4578,0.037284
1,-0.77866,0.6759
-1,-2.0291,0.35912
1,0.0092063,-0.0083867
1,-0.85262,-0.25388
1,1.5307,-1.0523
-1,-0.79388,1.2394
1,-1.3779,-0.32023
-1,-1.4096,0.89429
1,-1.7614,-1.5835
-1,-0.039729,-1.0875
1,-1.1925,-0.52947
1,0.90232,-1.0782
-1,1.6447,-0.60539
-1,-1.5744,0.90544
-1,-1.7658,0.45721
-1,1.2269,-0.11461
1,0.91825,1.7204
1,0.38075,1.6145
-1,0.92272,0.24555
-1,1.1797,0.33359
-1,-0.58273,-1.0538
-1,-0.51972,1.355
-1,1.2267,-0.49321
1,-0.036678,-0.14405
-1,0.54296,0.91304
1,-0.24817,0.51441
-1,-0.18695,-1.3826
-1,0.48702,1.3334
1,1.5235,-0.84976
-1,-0.16838,1.3204
1,1.3754,-1.3614
1,0.90533,-0.55121
1,1.3083,-1.8064
1,-0.2411,-0.37411
-1,-0.81884,1.2557
-1,0.080284,-1.148
1,1.4133,-1.4769
-1,1.1613,-0.25424
1,-0.27538,1.5182
-1,0.22876,1.628
-1,0.06617,1.6207
-1,-0.95583,-0.77004
1,1.0078,1.8211
-1,-0.16217,-1.2395
-1,0.90854,0.52164
1,-0.29088,0.56086
-1,1.5026,-0.3796
1,-0.027226,1.8639
-1,-0.99878,0.9058
-1,-0.973,0.71184
-1,-1.6236,0.21284
-1,-1.0949,1.3935
-1,-0.76883,-1.4617
-1,0.6735,2.5171
1,-1.8709,-1.0014
1,-1.4908,0.2278
-1,1.1223,0.6256
1,0.76232,-0.33359
1,-0.21395,0.37971
-1,1.1366,0.14805
-1,-2.0014,0.40346
1,-2.0971,-1.0561
-1,-1.063,0.66516
1,-1.0381,-0.20005
1,0.78178,-0.13908
-1,0.20152,-1.3741
-1,0.55048,0.85704
1,-2.1396,-1.4274
-1,-0.66037,1.4088
1,0.95296,1.1439
1,-0.17978,0.59473
-1,0.44572,-1.0716
1,-1.5538,0.12053
1,-0.73556,0.68295
-1,0.67454,0.66674
1,1.264,1.2139
-1,0.01315,-0.96853
-1,0.72226,0.36821
1,0.62089,1.483
-1,-0.29187,1.3227
1,2.323,1.3238
-1,1.1144,0.37485
1,1.3156,-1.2332
-1,-1.5753,0.2724
-1,0.45045,1.6017
-1,-0.83556,0.95856
1,-0.93736,-0.085987
-1,0.73183,0.49323
-1,1.1129,0.5695
1,0.39549,0.4234
-1,-1.2544,0.47876
-1,1.8754,-0.28947
1,-0.66525,0.35708
-1,0.83444,0.92517
-1,-0.48736,-1.1324
1,-0.18446,-0.75109
1,-1.3997,-1.5381
-1,-1.3947,1.0941
1,1.9043,1.2686
-1,0.060419,1.6438
-1,-0.90053,-1.6831
-1,-0.28544,-1.1008
1,-0.83844,0.35619
